n_x,n_y,n_z,n_m,particles,emitt_x,emitt_y,beta_x,beta_y,sigma_z,offset_y,integration_method,n_t,cut_x,cut_y,cut_z,grids,n_runs,n_seeds,source_dirs,seeds
512,512,25,,0.624,0.1,0.0005,12.0,0.12,100,0.0,,,,,,,30,30,output,100805;105469;105648;130471;135135;143455;145992;153768;159302;167029;167815;238461;274935;286038;352871;360177;394826;479728;496023;512837;527875;591734;648219;689421;723546;733579;745198;817354;893274;902156
512,512,25,,0.624,0.1,0.0005,12.0,0.12,100,0.0049525699995,,,,,,,10,10,output,145992;153768;159302;167029;167815;286038;360177;479728;527875;733579
512,512,25,,0.624,0.1,0.0005,12.0,0.12,100,0.049525699995,,,,,,,10,10,output,145992;153768;159302;167029;167815;286038;360177;479728;527875;733579
512,512,25,,0.624,0.1,0.0005,12.0,0.12,100,0.49525699995,,,,,,,10,10,output,145992;153768;159302;167029;167815;286038;360177;479728;527875;733579
512,512,25,10000.0,0.624,0.1,0.0005,12.0,0.12,100,0.0,2.0,6.0,,,,,15,15,output_nm,100805;105469;130471;135135;143455;145992;153768;159302;167029;167815;286038;360177;479728;527875;733579
512,512,25,100000.0,0.624,0.15,0.0005,12.0,0.12,100,0.0,2.0,6.0,,,,,15,15,output_nm,100805;105469;130471;135135;143455;145992;153768;159302;167029;167815;286038;360177;479728;527875;733579
512,512,25,,0.624,0.2,0.0005,12.0,0.12,100,0.0,,,,,,,30,30,output,100805;105469;105648;130471;135135;143455;145992;153768;159302;167029;167815;238461;274935;286038;352871;360177;394826;479728;496023;512837;527875;591734;648219;689421;723546;733579;745198;817354;893274;902156
512,512,25,100000.0,0.624,0.2,0.0005,12.0,0.12,100,0.0,2.0,6.0,,,,,15,15,output_nm,100805;105469;130471;135135;143455;145992;153768;159302;167029;167815;286038;360177;479728;527875;733579
128,512,25,,0.624,0.3,0.0005,12.0,0.12,100,0.0,,,,,,,15,15,output,100805;105469;130471;135135;143455;145992;153768;159302;167029;167815;286038;360177;479728;527875;733579
256,512,25,,0.624,0.3,0.0005,12.0,0.12,100,0.0,,,,,,,15,15,output,100805;105469;130471;135135;143455;145992;153768;159302;167029;167815;286038;360177;479728;527875;733579
512,128,25,,0.624,0.3,0.0005,12.0,0.12,100,0.0,,,,,,,15,15,output,100805;105469;130471;135135;143455;145992;153768;159302;167029;167815;286038;360177;479728;527875;733579
512,256,25,,0.624,0.3,0.0005,12.0,0.12,100,0.0,,,,,,,15,15,output,100805;105469;130471;135135;143455;145992;153768;159302;167029;167815;286038;360177;479728;527875;733579
512,512,25,,0.624,0.3,0.0005,12.0,0.12,100,0.0,,,,,,,30,30,output,100805;105469;105648;130471;135135;143455;145992;153768;159302;167029;167815;238461;274935;286038;352871;360177;394826;479728;496023;512837;527875;591734;648219;689421;723546;733579;745198;817354;893274;902156
512,512,25,,0.624,0.3,0.0005,12.0,0.12,100,0.0049525699995,,,,,,,10,10,output,145992;153768;159302;167029;167815;286038;360177;479728;527875;733579
512,512,25,,0.624,0.3,0.0005,12.0,0.12,100,0.049525699995,,,,,,,10,10,output,145992;153768;159302;167029;167815;286038;360177;479728;527875;733579
512,512,25,,0.624,0.3,0.0005,12.0,0.12,100,0.49525699995,,,,,,,10,10,output,145992;153768;159302;167029;167815;286038;360177;479728;527875;733579
512,512,25,100000.0,0.624,0.3,0.0005,12.0,0.12,100,0.0,2.0,6.0,,,,,15,15,output_nm,100805;105469;130471;135135;143455;145992;153768;159302;167029;167815;286038;360177;479728;527875;733579
512,1024,25,,0.624,0.3,0.0005,12.0,0.12,100,0.0,,,,,,,15,15,output,100805;105469;130471;135135;143455;145992;153768;159302;167029;167815;286038;360177;479728;527875;733579
1024,512,25,,0.624,0.3,0.0005,12.0,0.12,100,0.0,,,,,,,15,15,output,100805;105469;130471;135135;143455;145992;153768;159302;167029;167815;286038;360177;479728;527875;733579
512,512,25,100000.0,0.624,0.4,0.0005,12.0,0.12,100,0.0,2.0,6.0,,,,,15,15,output_nm,100805;105469;130471;135135;143455;145992;153768;159302;167029;167815;286038;360177;479728;527875;733579
512,512,25,10000.0,0.624,0.5,0.0005,12.0,0.12,100,0.0,2.0,6.0,,,,,15,15,output_nm,100805;105469;130471;135135;143455;145992;153768;159302;167029;167815;286038;360177;479728;527875;733579
512,512,25,100000.0,0.624,0.5,0.0005,12.0,0.12,100,0.0,2.0,6.0,,,,,15,15,output_nm,100805;105469;130471;135135;143455;145992;153768;159302;167029;167815;286038;360177;479728;527875;733579
512,512,25,100000.0,0.624,0.6,0.0005,12.0,0.12,100,0.0,2.0,6.0,,,,,15,15,output_nm,100805;105469;130471;135135;143455;145992;153768;159302;167029;167815;286038;360177;479728;527875;733579
512,512,25,100000.0,0.624,0.7,0.0005,12.0,0.12,100,0.0,2.0,6.0,,,,,15,15,output_nm,100805;105469;130471;135135;143455;145992;153768;159302;167029;167815;286038;360177;479728;527875;733579
512,512,25,100000.0,0.624,0.8,0.0005,12.0,0.12,100,0.0,2.0,6.0,,,,,15,15,output_nm,100805;105469;130471;135135;143455;145992;153768;159302;167029;167815;286038;360177;479728;527875;733579
32,1024,64,250000.0,0.624,0.9,0.0005,12.0,0.12,100,0.0,2.0,6.0,,,,,15,15,output_nm,100805;105469;130471;135135;143455;145992;153768;159302;167029;167815;286038;360177;479728;527875;733579
64,1024,64,250000.0,0.624,0.9,0.0005,12.0,0.12,100,0.0,2.0,6.0,,,,,15,15,output_nm,100805;105469;130471;135135;143455;145992;153768;159302;167029;167815;286038;360177;479728;527875;733579
128,512,25,,0.624,0.9,0.0005,12.0,0.12,100,0.0,,,,,,,15,15,output,100805;105469;130471;135135;143455;145992;153768;159302;167029;167815;286038;360177;479728;527875;733579
128,512,25,5000.0,0.624,0.9,0.0005,12.0,0.12,100,0.0,3.0,6.0,,,,,15,15,output_nm,100805;105469;130471;135135;143455;145992;153768;159302;167029;167815;286038;360177;479728;527875;733579
128,512,25,10000.0,0.624,0.9,0.0005,12.0,0.12,100,0.0,1.0,,,,,,15,15,output_nm,100805;105469;130471;135135;143455;145992;153768;159302;167029;167815;286038;360177;479728;527875;733579
128,512,25,10000.0,0.624,0.9,0.0005,12.0,0.12,100,0.0,2.0,,,,,,15,15,output_nm,100805;105469;130471;135135;143455;145992;153768;159302;167029;167815;286038;360177;479728;527875;733579
128,512,25,10000.0,0.624,0.9,0.0005,12.0,0.12,100,0.0,3.0,,,,,,15,15,output_nm,100805;105469;130471;135135;143455;145992;153768;159302;167029;167815;286038;360177;479728;527875;733579
128,512,25,50000.0,0.624,0.9,0.0005,12.0,0.12,100,0.0,3.0,6.0,,,,,15,15,output_nm,100805;105469;130471;135135;143455;145992;153768;159302;167029;167815;286038;360177;479728;527875;733579
128,512,25,100000.0,0.624,0.9,0.0005,12.0,0.12,100,0.0,2.0,1.0,,,,,15,15,output_nm,100805;105469;130471;135135;143455;145992;153768;159302;167029;167815;286038;360177;479728;527875;733579
128,512,25,100000.0,0.624,0.9,0.0005,12.0,0.12,100,0.0,2.0,2.0,,,,,15,15,output_nm,100805;105469;130471;135135;143455;145992;153768;159302;167029;167815;286038;360177;479728;527875;733579
128,512,25,100000.0,0.624,0.9,0.0005,12.0,0.12,100,0.0,2.0,3.0,,,,,15,15,output_nm,100805;105469;130471;135135;143455;145992;153768;159302;167029;167815;286038;360177;479728;527875;733579
128,1024,64,250000.0,0.624,0.9,0.0005,12.0,0.12,100,0.0,2.0,6.0,,,,,15,15,output_nm,100805;105469;130471;135135;143455;145992;153768;159302;167029;167815;286038;360177;479728;527875;733579
256,512,25,,0.624,0.9,0.0005,12.0,0.12,100,0.0,,,,,,,15,15,output,100805;105469;130471;135135;143455;145992;153768;159302;167029;167815;286038;360177;479728;527875;733579
256,512,25,5000.0,0.624,0.9,0.0005,12.0,0.12,100,0.0,3.0,6.0,,,,,15,15,output_nm,100805;105469;130471;135135;143455;145992;153768;159302;167029;167815;286038;360177;479728;527875;733579
256,512,25,10000.0,0.624,0.9,0.0005,12.0,0.12,100,0.0,2.0,,,,,,15,15,output_nm,100805;105469;130471;135135;143455;145992;153768;159302;167029;167815;286038;360177;479728;527875;733579
256,512,25,10000.0,0.624,0.9,0.0005,12.0,0.12,100,0.0,3.0,,,,,,15,15,output_nm,100805;105469;130471;135135;143455;145992;153768;159302;167029;167815;286038;360177;479728;527875;733579
256,512,25,50000.0,0.624,0.9,0.0005,12.0,0.12,100,0.0,3.0,6.0,,,,,15,15,output_nm,100805;105469;130471;135135;143455;145992;153768;159302;167029;167815;286038;360177;479728;527875;733579
256,1024,64,250000.0,0.624,0.9,0.0005,12.0,0.12,100,0.0,2.0,6.0,,,,,15,15,output_nm,100805;105469;130471;135135;143455;145992;153768;159302;167029;167815;286038;360177;479728;527875;733579
512,64,25,1920.0,0.624,0.9,0.0005,12.0,0.12,100,0.0,2.0,6.0,,,,,15,15,output_nm,100805;105469;130471;135135;143455;145992;153768;159302;167029;167815;286038;360177;479728;527875;733579
512,64,25,12480.0,0.624,0.9,0.0005,12.0,0.12,100,0.0,2.0,6.0,,,,,15,15,output_nm,100805;105469;130471;135135;143455;145992;153768;159302;167029;167815;286038;360177;479728;527875;733579
512,64,25,38400.0,0.624,0.9,0.0005,12.0,0.12,100,0.0,2.0,6.0,,,,,15,15,output_nm,100805;105469;130471;135135;143455;145992;153768;159302;167029;167815;286038;360177;479728;527875;733579
512,64,25,128000.0,0.624,0.9,0.0005,12.0,0.12,100,0.0,2.0,6.0,,,,,15,15,output_nm,100805;105469;130471;135135;143455;145992;153768;159302;167029;167815;286038;360177;479728;527875;733579
512,64,64,16000.0,0.624,0.9,0.0005,12.0,0.12,100,0.0,2.0,6.0,,,,,15,15,output_nm,100805;105469;130471;135135;143455;145992;153768;159302;167029;167815;286038;360177;479728;527875;733579
512,64,64,250000.0,0.624,0.9,0.0005,12.0,0.12,100,0.0,2.0,6.0,,,,,15,15,output_nm,100805;105469;130471;135135;143455;145992;153768;159302;167029;167815;286038;360177;479728;527875;733579
512,64,64,5625000.0,0.624,0.9,0.0005,12.0,0.12,100,0.0,2.0,6.0,,,,,5,5,output_nm,100805;105469;130471;135135;143455
512,128,25,,0.624,0.9,0.0005,12.0,0.12,100,0.0,,,,,,,15,15,output,100805;105469;130471;135135;143455;145992;153768;159302;167029;167815;286038;360177;479728;527875;733579
512,128,25,3840.0,0.624,0.9,0.0005,12.0,0.12,100,0.0,2.0,6.0,,,,,15,15,output_nm,100805;105469;130471;135135;143455;145992;153768;159302;167029;167815;286038;360177;479728;527875;733579
512,128,25,24960.0,0.624,0.9,0.0005,12.0,0.12,100,0.0,2.0,6.0,,,,,15,15,output_nm,100805;105469;130471;135135;143455;145992;153768;159302;167029;167815;286038;360177;479728;527875;733579
512,128,25,76800.0,0.624,0.9,0.0005,12.0,0.12,100,0.0,2.0,6.0,,,,,15,15,output_nm,100805;105469;130471;135135;143455;145992;153768;159302;167029;167815;286038;360177;479728;527875;733579
512,128,25,256000.0,0.624,0.9,0.0005,12.0,0.12,100,0.0,2.0,6.0,,,,,15,15,output_nm,100805;105469;130471;135135;143455;145992;153768;159302;167029;167815;286038;360177;479728;527875;733579
512,128,64,30000.0,0.624,0.9,0.0005,12.0,0.12,100,0.0,2.0,6.0,,,,,15,15,output_nm,100805;105469;130471;135135;143455;145992;153768;159302;167029;167815;286038;360177;479728;527875;733579
512,128,64,250000.0,0.624,0.9,0.0005,12.0,0.12,100,0.0,2.0,6.0,,,,,15,15,output_nm,100805;105469;130471;135135;143455;145992;153768;159302;167029;167815;286038;360177;479728;527875;733579
512,256,25,,0.624,0.9,0.0005,12.0,0.12,100,0.0,,,,,,,15,15,output,100805;105469;130471;135135;143455;145992;153768;159302;167029;167815;286038;360177;479728;527875;733579
512,256,25,7680.0,0.624,0.9,0.0005,12.0,0.12,100,0.0,2.0,6.0,,,,,15,15,output_nm,100805;105469;130471;135135;143455;145992;153768;159302;167029;167815;286038;360177;479728;527875;733579
512,256,25,49920.0,0.624,0.9,0.0005,12.0,0.12,100,0.0,2.0,6.0,,,,,15,15,output_nm,100805;105469;130471;135135;143455;145992;153768;159302;167029;167815;286038;360177;479728;527875;733579
512,256,25,153600.0,0.624,0.9,0.0005,12.0,0.12,100,0.0,2.0,6.0,,,,,15,15,output_nm,100805;105469;130471;135135;143455;145992;153768;159302;167029;167815;286038;360177;479728;527875;733579
512,256,25,512000.0,0.624,0.9,0.0005,12.0,0.12,100,0.0,2.0,6.0,,,,,15,15,output_nm,100805;105469;130471;135135;143455;145992;153768;159302;167029;167815;286038;360177;479728;527875;733579
512,256,64,60000.0,0.624,0.9,0.0005,12.0,0.12,100,0.0,2.0,6.0,,,,,15,15,output_nm,100805;105469;130471;135135;143455;145992;153768;159302;167029;167815;286038;360177;479728;527875;733579
512,256,64,250000.0,0.624,0.9,0.0005,12.0,0.12,100,0.0,2.0,6.0,,,,,15,15,output_nm,100805;105469;130471;135135;143455;145992;153768;159302;167029;167815;286038;360177;479728;527875;733579
512,512,25,,0.624,0.9,0.0005,12.0,0.12,100,0.0,,,,,,,45,30,output;output_no_pairs,100805;105469;105648;130471;135135;143455;145992;153768;159302;167029;167815;238461;274935;286038;352871;360177;394826;479728;496023;512837;527875;591734;648219;689421;723546;733579;745198;817354;893274;902156
512,512,25,1000.0,0.624,0.9,0.0005,12.0,0.12,100,0.0,2.0,6.0,,,,,15,15,output_nm,100805;105469;130471;135135;143455;145992;153768;159302;167029;167815;286038;360177;479728;527875;733579
512,512,25,5000.0,0.624,0.9,0.0005,12.0,0.12,100,0.0,2.0,6.0,,,,,15,15,output_nm,100805;105469;130471;135135;143455;145992;153768;159302;167029;167815;286038;360177;479728;527875;733579
512,512,25,5000.0,0.624,0.9,0.0005,12.0,0.12,100,0.0,3.0,6.0,,,,,15,15,output_nm,100805;105469;130471;135135;143455;145992;153768;159302;167029;167815;286038;360177;479728;527875;733579
512,512,25,10000.0,0.624,0.9,0.0005,12.0,0.12,100,0.0,2.0,1.0,,,,,15,15,output_nm,100805;105469;130471;135135;143455;145992;153768;159302;167029;167815;286038;360177;479728;527875;733579
512,512,25,10000.0,0.624,0.9,0.0005,12.0,0.12,100,0.0,2.0,2.0,,,,,15,15,output_nm,100805;105469;130471;135135;143455;145992;153768;159302;167029;167815;286038;360177;479728;527875;733579
512,512,25,10000.0,0.624,0.9,0.0005,12.0,0.12,100,0.0,2.0,3.0,,,,,15,15,output_nm,100805;105469;130471;135135;143455;145992;153768;159302;167029;167815;286038;360177;479728;527875;733579
512,512,25,10000.0,0.624,0.9,0.0005,12.0,0.12,100,0.0,2.0,6.0,,,,,15,15,output_nm,100805;105469;130471;135135;143455;145992;153768;159302;167029;167815;286038;360177;479728;527875;733579
512,512,25,10000.0,0.624,0.9,0.0005,12.0,0.12,100,0.0,2.0,,20.0,20.0,3.5,,15,15,output_nm,100805;105469;130471;135135;143455;145992;153768;159302;167029;167815;286038;360177;479728;527875;733579
512,512,25,10000.0,0.624,0.9,0.0005,12.0,0.12,100,0.0,2.0,,30.0,30.0,5.0,,15,15,output_nm,100805;105469;130471;135135;143455;145992;153768;159302;167029;167815;286038;360177;479728;527875;733579
512,512,25,10000.0,0.624,0.9,0.0005,12.0,0.12,100,0.0,2.0,,40.0,40.0,7.0,,15,15,output_nm,100805;105469;130471;135135;143455;145992;153768;159302;167029;167815;286038;360177;479728;527875;733579
512,512,25,10000.0,0.624,0.9,0.0005,12.0,0.12,100,0.0,2.0,,,,,,15,15,output_nm,100805;105469;130471;135135;143455;145992;153768;159302;167029;167815;286038;360177;479728;527875;733579
512,512,25,10000.0,0.624,0.9,0.0005,12.0,0.12,100,0.0,3.0,,,,,,15,15,output_nm,100805;105469;130471;135135;143455;145992;153768;159302;167029;167815;286038;360177;479728;527875;733579
512,512,25,15360.0,0.624,0.9,0.0005,12.0,0.12,100,0.0,2.0,6.0,,,,,15,15,output_nm,100805;105469;130471;135135;143455;145992;153768;159302;167029;167815;286038;360177;479728;527875;733579
512,512,25,50000.0,0.624,0.9,0.0005,12.0,0.12,100,0.0,2.0,6.0,,,,,15,15,output_nm,100805;105469;130471;135135;143455;145992;153768;159302;167029;167815;286038;360177;479728;527875;733579
512,512,25,99840.0,0.624,0.9,0.0005,12.0,0.12,100,0.0,2.0,6.0,,,,,15,15,output_nm,100805;105469;130471;135135;143455;145992;153768;159302;167029;167815;286038;360177;479728;527875;733579
512,512,25,100000.0,0.624,0.9,0.0005,12.0,0.12,100,0.0,2.0,1.0,,,,,15,15,output_nm,100805;105469;130471;135135;143455;145992;153768;159302;167029;167815;286038;360177;479728;527875;733579
512,512,25,100000.0,0.624,0.9,0.0005,12.0,0.12,100,0.0,2.0,2.0,,,,,15,15,output_nm,100805;105469;130471;135135;143455;145992;153768;159302;167029;167815;286038;360177;479728;527875;733579
512,512,25,100000.0,0.624,0.9,0.0005,12.0,0.12,100,0.0,2.0,3.0,,,,,15,15,output_nm,100805;105469;130471;135135;143455;145992;153768;159302;167029;167815;286038;360177;479728;527875;733579
512,512,25,100000.0,0.624,0.9,0.0005,12.0,0.12,100,0.0,2.0,6.0,,,,,15,15,output_nm,100805;105469;130471;135135;143455;145992;153768;159302;167029;167815;286038;360177;479728;527875;733579
512,512,25,100000.0,0.624,0.9,0.0005,12.0,0.12,100,0.0,,,,,,,2,2,output_nm,100805;105469
512,512,25,100000.0,0.624,0.9,0.0005,12.0,0.12,100,0.0495,,,,,,,1,1,output_nm,105469
512,512,25,307200.0,0.624,0.9,0.0005,12.0,0.12,100,0.0,2.0,6.0,,,,,15,15,output_nm,100805;105469;130471;135135;143455;145992;153768;159302;167029;167815;286038;360177;479728;527875;733579
512,512,25,1000000.0,0.624,0.9,0.0005,12.0,0.12,100,0.0,2.0,6.0,,,,,15,15,output_nm,100805;105469;130471;135135;143455;145992;153768;159302;167029;167815;286038;360177;479728;527875;733579
512,512,25,1024000.0,0.624,0.9,0.0005,12.0,0.12,100,0.0,2.0,6.0,,,,,15,15,output_nm,100805;105469;130471;135135;143455;145992;153768;159302;167029;167815;286038;360177;479728;527875;733579
512,512,64,250000.0,0.624,0.9,0.0005,12.0,0.12,100,0.0,2.0,6.0,,,,,15,15,output_nm,100805;105469;130471;135135;143455;145992;153768;159302;167029;167815;286038;360177;479728;527875;733579
512,1024,16,250000.0,0.624,0.9,0.0005,12.0,0.12,100,0.0,2.0,6.0,,,,,15,15,output_nm,100805;105469;130471;135135;143455;145992;153768;159302;167029;167815;286038;360177;479728;527875;733579
512,1024,25,,0.624,0.9,0.0005,12.0,0.12,100,0.0,,,,,,,15,15,output,100805;105469;130471;135135;143455;145992;153768;159302;167029;167815;286038;360177;479728;527875;733579
512,1024,25,10000.0,0.624,0.9,0.0005,12.0,0.12,100,0.0,2.0,,,,,,15,15,output_nm,100805;105469;130471;135135;143455;145992;153768;159302;167029;167815;286038;360177;479728;527875;733579
512,1024,25,30720.0,0.624,0.9,0.0005,12.0,0.12,100,0.0,2.0,6.0,,,,,15,15,output_nm,100805;105469;130471;135135;143455;145992;153768;159302;167029;167815;286038;360177;479728;527875;733579
512,1024,25,199680.0,0.624,0.9,0.0005,12.0,0.12,100,0.0,2.0,6.0,,,,,12,12,output_nm,100805;105469;130471;135135;143455;145992;153768;159302;167029;167815;479728;733579
512,1024,25,614400.0,0.624,0.9,0.0005,12.0,0.12,100,0.0,2.0,6.0,,,,,9,9,output_nm,130471;135135;143455;153768;159302;167029;167815;479728;733579
512,1024,25,2048000.0,0.624,0.9,0.0005,12.0,0.12,100,0.0,2.0,6.0,,,,,8,8,output_nm,130471;135135;143455;153768;167029;167815;479728;733579
512,1024,32,250000.0,0.624,0.9,0.0005,12.0,0.12,100,0.0,2.0,6.0,,,,,15,15,output_nm,100805;105469;130471;135135;143455;145992;153768;159302;167029;167815;286038;360177;479728;527875;733579
512,1024,64,10000.0,0.624,0.9,0.0005,12.0,0.12,100,0.0,2.0,6.0,,,,,14,14,output_nm,100805;130471;135135;143455;145992;153768;159302;167029;167815;286038;360177;479728;527875;733579
512,1024,64,50000.0,0.624,0.9,0.0005,12.0,0.12,100,0.0,2.0,6.0,,,,,15,15,output_nm,100805;105469;130471;135135;143455;145992;153768;159302;167029;167815;286038;360177;479728;527875;733579
512,1024,64,100000.0,0.624,0.9,0.0005,12.0,0.12,100,0.0,2.0,6.0,,,,,15,15,output_nm,100805;105469;130471;135135;143455;145992;153768;159302;167029;167815;286038;360177;479728;527875;733579
512,1024,64,250000.0,0.624,0.9,0.0005,12.0,0.12,100,0.0,2.0,6.0,,,,,15,15,output_nm,100805;105469;130471;135135;143455;145992;153768;159302;167029;167815;286038;360177;479728;527875;733579
512,1024,64,500000.0,0.624,0.9,0.0005,12.0,0.12,100,0.0,2.0,6.0,,,,,12,12,output_nm,100805;105469;130471;135135;159302;167029;167815;286038;360177;479728;527875;733579
512,1024,64,1000000.0,0.624,0.9,0.0005,12.0,0.12,100,0.0,2.0,6.0,,,,,13,13,output_nm,100805;135135;143455;145992;153768;159302;167029;167815;286038;360177;479728;527875;733579
512,1024,64,1250000.0,0.624,0.9,0.0005,12.0,0.12,100,0.0,2.0,6.0,,,,,4,4,output_nm,167029;286038;360177;479728
512,1024,64,1500000.0,0.624,0.9,0.0005,12.0,0.12,100,0.0,2.0,6.0,,,,,6,6,output_nm,130471;159302;167029;479728;527875;733579
512,1024,64,1750000.0,0.624,0.9,0.0005,12.0,0.12,100,0.0,2.0,6.0,,,,,14,14,output_nm,100805;105469;130471;135135;143455;145992;159302;167029;167815;286038;360177;479728;527875;733579
512,1024,64,5000000.0,0.624,0.9,0.0005,12.0,0.12,100,0.0,2.0,6.0,,,,,15,15,output_nm,100805;105469;130471;135135;143455;145992;153768;159302;167029;167815;286038;360177;479728;527875;733579
512,1024,64,10000000.0,0.624,0.9,0.0005,12.0,0.12,100,0.0,2.0,6.0,,,,,15,15,output_nm,100805;105469;130471;135135;143455;145992;153768;159302;167029;167815;286038;360177;479728;527875;733579
512,1024,64,15000000.0,0.624,0.9,0.0005,12.0,0.12,100,0.0,2.0,6.0,,,,,15,15,output_nm,100805;105469;130471;135135;143455;145992;153768;159302;167029;167815;286038;360177;479728;527875;733579
512,1024,64,25000000.0,0.624,0.9,0.0005,12.0,0.12,100,0.0,2.0,6.0,,,,,15,15,output_nm,100805;105469;130471;135135;143455;145992;153768;159302;167029;167815;286038;360177;479728;527875;733579
512,1024,128,250000.0,0.624,0.9,0.0005,12.0,0.12,100,0.0,2.0,6.0,,,,,7,7,output_nm,143455;145992;153768;159302;167029;167815;286038
512,2048,25,61440.0,0.624,0.9,0.0005,12.0,0.12,100,0.0,2.0,6.0,,,,,3,3,output_nm,143455;167815;733579
512,2048,25,399360.0,0.624,0.9,0.0005,12.0,0.12,100,0.0,2.0,6.0,,,,,2,2,output_nm,143455;733579
512,2048,25,1228800.0,0.624,0.9,0.0005,12.0,0.12,100,0.0,2.0,6.0,,,,,1,1,output_nm,143455
768,768,25,10000.0,0.624,0.9,0.0005,12.0,0.12,100,0.0,2.0,,30.0,30.0,3.5,7.0,15,15,output_nm,100805;105469;130471;135135;143455;145992;153768;159302;167029;167815;286038;360177;479728;527875;733579
768,768,36,10000.0,0.624,0.9,0.0005,12.0,0.12,100,0.0,2.0,,30.0,30.0,5.0,,15,15,output_nm,100805;105469;130471;135135;143455;145992;153768;159302;167029;167815;286038;360177;479728;527875;733579
1024,512,25,,0.624,0.9,0.0005,12.0,0.12,100,0.0,,,,,,,15,15,output,100805;105469;130471;135135;143455;145992;153768;159302;167029;167815;286038;360177;479728;527875;733579
1024,512,25,10000.0,0.624,0.9,0.0005,12.0,0.12,100,0.0,2.0,,,,,,15,15,output_nm,100805;105469;130471;135135;143455;145992;153768;159302;167029;167815;286038;360177;479728;527875;733579
1024,512,25,10000.0,0.624,0.9,0.0005,12.0,0.12,100,0.0,3.0,,,,,,15,15,output_nm,100805;105469;130471;135135;143455;145992;153768;159302;167029;167815;286038;360177;479728;527875;733579
1024,512,25,100000.0,0.624,0.9,0.0005,12.0,0.12,100,0.0,2.0,1.0,,,,,15,15,output_nm,100805;105469;130471;135135;143455;145992;153768;159302;167029;167815;286038;360177;479728;527875;733579
1024,512,25,100000.0,0.624,0.9,0.0005,12.0,0.12,100,0.0,2.0,2.0,,,,,15,15,output_nm,100805;105469;130471;135135;143455;145992;153768;159302;167029;167815;286038;360177;479728;527875;733579
1024,512,25,100000.0,0.624,0.9,0.0005,12.0,0.12,100,0.0,2.0,3.0,,,,,15,15,output_nm,100805;105469;130471;135135;143455;145992;153768;159302;167029;167815;286038;360177;479728;527875;733579
1024,1024,25,10000.0,0.624,0.9,0.0005,12.0,0.12,100,0.0,2.0,,40.0,40.0,3.5,7.0,15,15,output_nm,100805;105469;130471;135135;143455;145992;153768;159302;167029;167815;286038;360177;479728;527875;733579
1024,1024,50,10000.0,0.624,0.9,0.0005,12.0,0.12,100,0.0,2.0,,40.0,40.0,7.0,,15,15,output_nm,100805;105469;130471;135135;143455;145992;153768;159302;167029;167815;286038;360177;479728;527875;733579
1024,1024,64,250000.0,0.624,0.9,0.0005,12.0,0.12,100,0.0,2.0,6.0,,,,,13,13,output_nm,100805;105469;130471;135135;143455;145992;167029;167815;286038;360177;479728;527875;733579
2048,1024,64,250000.0,0.624,0.9,0.0005,12.0,0.12,100,0.0,2.0,6.0,,,,,3,3,output_nm,286038;360177;479728
512,512,25,,0.624,0.1,0.001,12.0,0.12,100,0.0,,,,,,,18,18,output,100805;105469;130471;135135;143455;145992;153768;159302;167029;167815;286038;360177;479728;527875;689421;733579;745198;893274
512,512,25,10000.0,0.624,0.1,0.001,12.0,0.12,100,0.0,2.0,6.0,,,,,15,15,output_nm,100805;105469;130471;135135;143455;145992;153768;159302;167029;167815;286038;360177;479728;527875;733579
512,512,25,100000.0,0.624,0.15,0.001,12.0,0.12,100,0.0,2.0,6.0,,,,,15,15,output_nm,100805;105469;130471;135135;143455;145992;153768;159302;167029;167815;286038;360177;479728;527875;733579
512,512,25,,0.624,0.2,0.001,12.0,0.12,100,0.0,,,,,,,29,29,output,100805;105469;105648;130471;135135;143455;145992;153768;159302;167029;167815;238461;274935;286038;352871;360177;394826;479728;496023;512837;527875;591734;648219;723546;733579;745198;817354;893274;902156
512,512,25,100000.0,0.624,0.2,0.001,12.0,0.12,100,0.0,2.0,6.0,,,,,15,15,output_nm,100805;105469;130471;135135;143455;145992;153768;159302;167029;167815;286038;360177;479728;527875;733579
128,512,25,,0.624,0.3,0.001,12.0,0.12,100,0.0,,,,,,,15,15,output,100805;105469;130471;135135;143455;145992;153768;159302;167029;167815;286038;360177;479728;527875;733579
256,512,25,,0.624,0.3,0.001,12.0,0.12,100,0.0,,,,,,,15,15,output,100805;105469;130471;135135;143455;145992;153768;159302;167029;167815;286038;360177;479728;527875;733579
512,128,25,,0.624,0.3,0.001,12.0,0.12,100,0.0,,,,,,,15,15,output,100805;105469;130471;135135;143455;145992;153768;159302;167029;167815;286038;360177;479728;527875;733579
512,256,25,,0.624,0.3,0.001,12.0,0.12,100,0.0,,,,,,,15,15,output,100805;105469;130471;135135;143455;145992;153768;159302;167029;167815;286038;360177;479728;527875;733579
512,512,25,,0.624,0.3,0.001,12.0,0.12,100,0.0,,,,,,,26,26,output,100805;105469;105648;130471;135135;143455;145992;153768;159302;167029;167815;238461;274935;286038;352871;360177;479728;496023;512837;527875;689421;733579;745198;817354;893274;902156
512,512,25,100000.0,0.624,0.3,0.001,12.0,0.12,100,0.0,2.0,6.0,,,,,15,15,output_nm,100805;105469;130471;135135;143455;145992;153768;159302;167029;167815;286038;360177;479728;527875;733579
512,1024,25,,0.624,0.3,0.001,12.0,0.12,100,0.0,,,,,,,15,15,output,100805;105469;130471;135135;143455;145992;153768;159302;167029;167815;286038;360177;479728;527875;733579
1024,512,25,,0.624,0.3,0.001,12.0,0.12,100,0.0,,,,,,,15,15,output,100805;105469;130471;135135;143455;145992;153768;159302;167029;167815;286038;360177;479728;527875;733579
512,512,25,100000.0,0.624,0.4,0.001,12.0,0.12,100,0.0,2.0,6.0,,,,,15,15,output_nm,100805;105469;130471;135135;143455;145992;153768;159302;167029;167815;286038;360177;479728;527875;733579
512,512,25,10000.0,0.624,0.5,0.001,12.0,0.12,100,0.0,2.0,6.0,,,,,15,15,output_nm,100805;105469;130471;135135;143455;145992;153768;159302;167029;167815;286038;360177;479728;527875;733579
512,512,25,100000.0,0.624,0.5,0.001,12.0,0.12,100,0.0,2.0,6.0,,,,,15,15,output_nm,100805;105469;130471;135135;143455;145992;153768;159302;167029;167815;286038;360177;479728;527875;733579
512,512,25,100000.0,0.624,0.6,0.001,12.0,0.12,100,0.0,2.0,6.0,,,,,15,15,output_nm,100805;105469;130471;135135;143455;145992;153768;159302;167029;167815;286038;360177;479728;527875;733579
512,512,25,100000.0,0.624,0.7,0.001,12.0,0.12,100,0.0,2.0,6.0,,,,,15,15,output_nm,100805;105469;130471;135135;143455;145992;153768;159302;167029;167815;286038;360177;479728;527875;733579
512,512,25,100000.0,0.624,0.8,0.001,12.0,0.12,100,0.0,2.0,6.0,,,,,15,15,output_nm,100805;105469;130471;135135;143455;145992;153768;159302;167029;167815;286038;360177;479728;527875;733579
128,512,25,,0.624,0.9,0.001,12.0,0.12,100,0.0,,,,,,,15,15,output,100805;105469;130471;135135;143455;145992;153768;159302;167029;167815;286038;360177;479728;527875;733579
128,512,25,5000.0,0.624,0.9,0.001,12.0,0.12,100,0.0,3.0,6.0,,,,,15,15,output_nm,100805;105469;130471;135135;143455;145992;153768;159302;167029;167815;286038;360177;479728;527875;733579
128,512,25,10000.0,0.624,0.9,0.001,12.0,0.12,100,0.0,2.0,,,,,,15,15,output_nm,100805;105469;130471;135135;143455;145992;153768;159302;167029;167815;286038;360177;479728;527875;733579
128,512,25,10000.0,0.624,0.9,0.001,12.0,0.12,100,0.0,3.0,,,,,,15,15,output_nm,100805;105469;130471;135135;143455;145992;153768;159302;167029;167815;286038;360177;479728;527875;733579
128,512,25,50000.0,0.624,0.9,0.001,12.0,0.12,100,0.0,3.0,6.0,,,,,15,15,output_nm,100805;105469;130471;135135;143455;145992;153768;159302;167029;167815;286038;360177;479728;527875;733579
128,512,25,100000.0,0.624,0.9,0.001,12.0,0.12,100,0.0,2.0,1.0,,,,,15,15,output_nm,100805;105469;130471;135135;143455;145992;153768;159302;167029;167815;286038;360177;479728;527875;733579
128,512,25,100000.0,0.624,0.9,0.001,12.0,0.12,100,0.0,2.0,2.0,,,,,15,15,output_nm,100805;105469;130471;135135;143455;145992;153768;159302;167029;167815;286038;360177;479728;527875;733579
128,512,25,100000.0,0.624,0.9,0.001,12.0,0.12,100,0.0,2.0,3.0,,,,,15,15,output_nm,100805;105469;130471;135135;143455;145992;153768;159302;167029;167815;286038;360177;479728;527875;733579
256,512,25,,0.624,0.9,0.001,12.0,0.12,100,0.0,,,,,,,15,15,output,100805;105469;130471;135135;143455;145992;153768;159302;167029;167815;286038;360177;479728;527875;733579
256,512,25,5000.0,0.624,0.9,0.001,12.0,0.12,100,0.0,3.0,6.0,,,,,15,15,output_nm,100805;105469;130471;135135;143455;145992;153768;159302;167029;167815;286038;360177;479728;527875;733579
256,512,25,10000.0,0.624,0.9,0.001,12.0,0.12,100,0.0,2.0,,,,,,15,15,output_nm,100805;105469;130471;135135;143455;145992;153768;159302;167029;167815;286038;360177;479728;527875;733579
256,512,25,10000.0,0.624,0.9,0.001,12.0,0.12,100,0.0,3.0,,,,,,15,15,output_nm,100805;105469;130471;135135;143455;145992;153768;159302;167029;167815;286038;360177;479728;527875;733579
256,512,25,50000.0,0.624,0.9,0.001,12.0,0.12,100,0.0,3.0,6.0,,,,,15,15,output_nm,100805;105469;130471;135135;143455;145992;153768;159302;167029;167815;286038;360177;479728;527875;733579
512,32,64,881000.0,0.624,0.9,0.001,12.0,0.12,100,0.0,2.0,6.0,,,,,15,15,output_nm,100805;105469;130471;135135;143455;145992;153768;159302;167029;167815;286038;360177;479728;527875;733579
512,64,64,1775000.0,0.624,0.9,0.001,12.0,0.12,100,0.0,2.0,6.0,,,,,15,15,output_nm,100805;105469;130471;135135;143455;145992;153768;159302;167029;167815;286038;360177;479728;527875;733579
512,128,25,,0.624,0.9,0.001,12.0,0.12,100,0.0,,,,,,,15,15,output,100805;105469;130471;135135;143455;145992;153768;159302;167029;167815;286038;360177;479728;527875;733579
512,128,64,3525000.0,0.624,0.9,0.001,12.0,0.12,100,0.0,2.0,6.0,,,,,15,15,output_nm,100805;105469;130471;135135;143455;145992;153768;159302;167029;167815;286038;360177;479728;527875;733579
512,256,25,,0.624,0.9,0.001,12.0,0.12,100,0.0,,,,,,,15,15,output,100805;105469;130471;135135;143455;145992;153768;159302;167029;167815;286038;360177;479728;527875;733579
512,256,64,7050000.0,0.624,0.9,0.001,12.0,0.12,100,0.0,2.0,6.0,,,,,15,15,output_nm,100805;105469;130471;135135;143455;145992;153768;159302;167029;167815;286038;360177;479728;527875;733579
512,512,25,,0.624,0.9,0.001,12.0,0.12,100,0.0,,,,,,,45,30,output;output_no_pairs,100805;105469;105648;130471;135135;143455;145992;153768;159302;167029;167815;238461;274935;286038;352871;360177;394826;479728;496023;512837;527875;591734;648219;689421;723546;733579;745198;817354;893274;902156
512,512,25,1000.0,0.624,0.9,0.001,12.0,0.12,100,0.0,2.0,6.0,,,,,15,15,output_nm,100805;105469;130471;135135;143455;145992;153768;159302;167029;167815;286038;360177;479728;527875;733579
512,512,25,5000.0,0.624,0.9,0.001,12.0,0.12,100,0.0,2.0,6.0,,,,,15,15,output_nm,100805;105469;130471;135135;143455;145992;153768;159302;167029;167815;286038;360177;479728;527875;733579
512,512,25,5000.0,0.624,0.9,0.001,12.0,0.12,100,0.0,3.0,6.0,,,,,15,15,output_nm,100805;105469;130471;135135;143455;145992;153768;159302;167029;167815;286038;360177;479728;527875;733579
512,512,25,10000.0,0.624,0.9,0.001,12.0,0.12,100,0.0,2.0,2.0,,,,,15,15,output_nm,100805;105469;130471;135135;143455;145992;153768;159302;167029;167815;286038;360177;479728;527875;733579
512,512,25,10000.0,0.624,0.9,0.001,12.0,0.12,100,0.0,2.0,3.0,,,,,15,15,output_nm,100805;105469;130471;135135;143455;145992;153768;159302;167029;167815;286038;360177;479728;527875;733579
512,512,25,10000.0,0.624,0.9,0.001,12.0,0.12,100,0.0,2.0,6.0,,,,,15,15,output_nm,100805;105469;130471;135135;143455;145992;153768;159302;167029;167815;286038;360177;479728;527875;733579
512,512,25,10000.0,0.624,0.9,0.001,12.0,0.12,100,0.0,2.0,,20.0,20.0,3.5,,15,15,output_nm,100805;105469;130471;135135;143455;145992;153768;159302;167029;167815;286038;360177;479728;527875;733579
512,512,25,10000.0,0.624,0.9,0.001,12.0,0.12,100,0.0,2.0,,30.0,30.0,5.0,,15,15,output_nm,100805;105469;130471;135135;143455;145992;153768;159302;167029;167815;286038;360177;479728;527875;733579
512,512,25,10000.0,0.624,0.9,0.001,12.0,0.12,100,0.0,2.0,,40.0,40.0,7.0,,15,15,output_nm,100805;105469;130471;135135;143455;145992;153768;159302;167029;167815;286038;360177;479728;527875;733579
512,512,25,10000.0,0.624,0.9,0.001,12.0,0.12,100,0.0,2.0,,,,,,15,15,output_nm,100805;105469;130471;135135;143455;145992;153768;159302;167029;167815;286038;360177;479728;527875;733579
512,512,25,10000.0,0.624,0.9,0.001,12.0,0.12,100,0.0,3.0,,,,,,15,15,output_nm,100805;105469;130471;135135;143455;145992;153768;159302;167029;167815;286038;360177;479728;527875;733579
512,512,25,50000.0,0.624,0.9,0.001,12.0,0.12,100,0.0,2.0,6.0,,,,,15,15,output_nm,100805;105469;130471;135135;143455;145992;153768;159302;167029;167815;286038;360177;479728;527875;733579
512,512,25,100000.0,0.624,0.9,0.001,12.0,0.12,100,0.0,2.0,1.0,,,,,15,15,output_nm,100805;105469;130471;135135;143455;145992;153768;159302;167029;167815;286038;360177;479728;527875;733579
512,512,25,100000.0,0.624,0.9,0.001,12.0,0.12,100,0.0,2.0,2.0,,,,,15,15,output_nm,100805;105469;130471;135135;143455;145992;153768;159302;167029;167815;286038;360177;479728;527875;733579
512,512,25,100000.0,0.624,0.9,0.001,12.0,0.12,100,0.0,2.0,3.0,,,,,15,15,output_nm,100805;105469;130471;135135;143455;145992;153768;159302;167029;167815;286038;360177;479728;527875;733579
512,512,25,100000.0,0.624,0.9,0.001,12.0,0.12,100,0.0,2.0,6.0,,,,,15,15,output_nm,100805;105469;130471;135135;143455;145992;153768;159302;167029;167815;286038;360177;479728;527875;733579
512,512,25,1000000.0,0.624,0.9,0.001,12.0,0.12,100,0.0,2.0,6.0,,,,,15,15,output_nm,100805;105469;130471;135135;143455;145992;153768;159302;167029;167815;286038;360177;479728;527875;733579
512,512,64,14100000.0,0.624,0.9,0.001,12.0,0.12,100,0.0,2.0,6.0,,,,,15,15,output_nm,100805;105469;130471;135135;143455;145992;153768;159302;167029;167815;286038;360177;479728;527875;733579
512,1024,25,,0.624,0.9,0.001,12.0,0.12,100,0.0,,,,,,,15,15,output,100805;105469;130471;135135;143455;145992;153768;159302;167029;167815;286038;360177;479728;527875;733579
512,1024,25,10000.0,0.624,0.9,0.001,12.0,0.12,100,0.0,2.0,,,,,,15,15,output_nm,100805;105469;130471;135135;143455;145992;153768;159302;167029;167815;286038;360177;479728;527875;733579
512,1024,64,250000.0,0.624,0.9,0.001,12.0,0.12,100,0.0,2.0,6.0,,,,,6,6,output_nm,167815;286038;360177;479728;527875;733579
512,1024,64,500000.0,0.624,0.9,0.001,12.0,0.12,100,0.0,2.0,6.0,,,,,12,12,output_nm,100805;105469;130471;135135;143455;167029;167815;286038;360177;479728;527875;733579
512,1024,64,1000000.0,0.624,0.9,0.001,12.0,0.12,100,0.0,2.0,6.0,,,,,10,10,output_nm,100805;153768;159302;167029;167815;286038;360177;479728;527875;733579
512,1024,64,1500000.0,0.624,0.9,0.001,12.0,0.12,100,0.0,2.0,6.0,,,,,15,15,output_nm,100805;105469;130471;135135;143455;145992;153768;159302;167029;167815;286038;360177;479728;527875;733579
512,1024,64,1750000.0,0.624,0.9,0.001,12.0,0.12,100,0.0,2.0,6.0,,,,,14,14,output_nm,100805;105469;130471;135135;143455;145992;153768;159302;167029;167815;286038;360177;479728;527875
512,1024,64,2000000.0,0.624,0.9,0.001,12.0,0.12,100,0.0,2.0,6.0,,,,,12,12,output_nm,100805;105469;130471;135135;143455;167029;167815;286038;360177;479728;527875;733579
512,1024,64,5000000.0,0.624,0.9,0.001,12.0,0.12,100,0.0,2.0,6.0,,,,,15,15,output_nm,100805;105469;130471;135135;143455;145992;153768;159302;167029;167815;286038;360177;479728;527875;733579
512,1024,64,10000000.0,0.624,0.9,0.001,12.0,0.12,100,0.0,2.0,6.0,,,,,11,11,output_nm,105469;145992;153768;159302;167029;167815;286038;360177;479728;527875;733579
768,768,25,10000.0,0.624,0.9,0.001,12.0,0.12,100,0.0,2.0,,30.0,30.0,3.5,7.0,15,15,output_nm,100805;105469;130471;135135;143455;145992;153768;159302;167029;167815;286038;360177;479728;527875;733579
768,768,36,10000.0,0.624,0.9,0.001,12.0,0.12,100,0.0,2.0,,30.0,30.0,5.0,,15,15,output_nm,100805;105469;130471;135135;143455;145992;153768;159302;167029;167815;286038;360177;479728;527875;733579
1024,512,25,,0.624,0.9,0.001,12.0,0.12,100,0.0,,,,,,,15,15,output,100805;105469;130471;135135;143455;145992;153768;159302;167029;167815;286038;360177;479728;527875;733579
1024,512,25,10000.0,0.624,0.9,0.001,12.0,0.12,100,0.0,2.0,,,,,,15,15,output_nm,100805;105469;130471;135135;143455;145992;153768;159302;167029;167815;286038;360177;479728;527875;733579
1024,512,25,10000.0,0.624,0.9,0.001,12.0,0.12,100,0.0,3.0,,,,,,3,3,output_nm,100805;105469;479728
1024,512,25,100000.0,0.624,0.9,0.001,12.0,0.12,100,0.0,2.0,1.0,,,,,15,15,output_nm,100805;105469;130471;135135;143455;145992;153768;159302;167029;167815;286038;360177;479728;527875;733579
1024,512,25,100000.0,0.624,0.9,0.001,12.0,0.12,100,0.0,2.0,2.0,,,,,15,15,output_nm,100805;105469;130471;135135;143455;145992;153768;159302;167029;167815;286038;360177;479728;527875;733579
1024,512,25,100000.0,0.624,0.9,0.001,12.0,0.12,100,0.0,2.0,3.0,,,,,15,15,output_nm,100805;105469;130471;135135;143455;145992;153768;159302;167029;167815;286038;360177;479728;527875;733579
1024,1024,25,10000.0,0.624,0.9,0.001,12.0,0.12,100,0.0,2.0,,40.0,40.0,3.5,7.0,15,15,output_nm,100805;105469;130471;135135;143455;145992;153768;159302;167029;167815;286038;360177;479728;527875;733579
1024,1024,50,10000.0,0.624,0.9,0.001,12.0,0.12,100,0.0,2.0,,40.0,40.0,7.0,,15,15,output_nm,100805;105469;130471;135135;143455;145992;153768;159302;167029;167815;286038;360177;479728;527875;733579
512,512,25,,0.624,0.1,0.0015,12.0,0.12,100,0.0,,,,,,,18,18,output,100805;105469;130471;135135;143455;145992;153768;159302;167029;167815;286038;360177;479728;527875;689421;733579;745198;893274
512,512,25,10000.0,0.624,0.1,0.0015,12.0,0.12,100,0.0,2.0,6.0,,,,,15,15,output_nm,100805;105469;130471;135135;143455;145992;153768;159302;167029;167815;286038;360177;479728;527875;733579
512,512,25,100000.0,0.624,0.15,0.0015,12.0,0.12,100,0.0,2.0,6.0,,,,,15,15,output_nm,100805;105469;130471;135135;143455;145992;153768;159302;167029;167815;286038;360177;479728;527875;733579
512,512,25,,0.624,0.2,0.0015,12.0,0.12,100,0.0,,,,,,,28,28,output,100805;105469;105648;130471;135135;143455;145992;153768;159302;167029;167815;238461;274935;286038;360177;394826;479728;496023;512837;527875;591734;648219;723546;733579;745198;817354;893274;902156
512,512,25,100000.0,0.624,0.2,0.0015,12.0,0.12,100,0.0,2.0,6.0,,,,,15,15,output_nm,100805;105469;130471;135135;143455;145992;153768;159302;167029;167815;286038;360177;479728;527875;733579
128,512,25,,0.624,0.3,0.0015,12.0,0.12,100,0.0,,,,,,,15,15,output,100805;105469;130471;135135;143455;145992;153768;159302;167029;167815;286038;360177;479728;527875;733579
256,512,25,,0.624,0.3,0.0015,12.0,0.12,100,0.0,,,,,,,15,15,output,100805;105469;130471;135135;143455;145992;153768;159302;167029;167815;286038;360177;479728;527875;733579
512,128,25,,0.624,0.3,0.0015,12.0,0.12,100,0.0,,,,,,,15,15,output,100805;105469;130471;135135;143455;145992;153768;159302;167029;167815;286038;360177;479728;527875;733579
512,256,25,,0.624,0.3,0.0015,12.0,0.12,100,0.0,,,,,,,15,15,output,100805;105469;130471;135135;143455;145992;153768;159302;167029;167815;286038;360177;479728;527875;733579
512,512,25,,0.624,0.3,0.0015,12.0,0.12,100,0.0,,,,,,,25,25,output,100805;105469;105648;130471;135135;143455;145992;153768;159302;167029;167815;274935;286038;352871;360177;479728;496023;512837;527875;689421;733579;745198;817354;893274;902156
512,512,25,100000.0,0.624,0.3,0.0015,12.0,0.12,100,0.0,2.0,6.0,,,,,15,15,output_nm,100805;105469;130471;135135;143455;145992;153768;159302;167029;167815;286038;360177;479728;527875;733579
512,1024,25,,0.624,0.3,0.0015,12.0,0.12,100,0.0,,,,,,,15,15,output,100805;105469;130471;135135;143455;145992;153768;159302;167029;167815;286038;360177;479728;527875;733579
1024,512,25,,0.624,0.3,0.0015,12.0,0.12,100,0.0,,,,,,,15,15,output,100805;105469;130471;135135;143455;145992;153768;159302;167029;167815;286038;360177;479728;527875;733579
512,512,25,100000.0,0.624,0.4,0.0015,12.0,0.12,100,0.0,2.0,6.0,,,,,15,15,output_nm,100805;105469;130471;135135;143455;145992;153768;159302;167029;167815;286038;360177;479728;527875;733579
512,512,25,10000.0,0.624,0.5,0.0015,12.0,0.12,100,0.0,2.0,6.0,,,,,15,15,output_nm,100805;105469;130471;135135;143455;145992;153768;159302;167029;167815;286038;360177;479728;527875;733579
512,512,25,100000.0,0.624,0.5,0.0015,12.0,0.12,100,0.0,2.0,6.0,,,,,15,15,output_nm,100805;105469;130471;135135;143455;145992;153768;159302;167029;167815;286038;360177;479728;527875;733579
512,512,25,100000.0,0.624,0.6,0.0015,12.0,0.12,100,0.0,2.0,6.0,,,,,15,15,output_nm,100805;105469;130471;135135;143455;145992;153768;159302;167029;167815;286038;360177;479728;527875;733579
512,512,25,100000.0,0.624,0.7,0.0015,12.0,0.12,100,0.0,2.0,6.0,,,,,15,15,output_nm,100805;105469;130471;135135;143455;145992;153768;159302;167029;167815;286038;360177;479728;527875;733579
512,512,25,100000.0,0.624,0.8,0.0015,12.0,0.12,100,0.0,2.0,6.0,,,,,15,15,output_nm,100805;105469;130471;135135;143455;145992;153768;159302;167029;167815;286038;360177;479728;527875;733579
128,512,25,,0.624,0.9,0.0015,12.0,0.12,100,0.0,,,,,,,15,15,output,100805;105469;130471;135135;143455;145992;153768;159302;167029;167815;286038;360177;479728;527875;733579
128,512,25,5000.0,0.624,0.9,0.0015,12.0,0.12,100,0.0,3.0,6.0,,,,,15,15,output_nm,100805;105469;130471;135135;143455;145992;153768;159302;167029;167815;286038;360177;479728;527875;733579
128,512,25,10000.0,0.624,0.9,0.0015,12.0,0.12,100,0.0,2.0,,,,,,15,15,output_nm,100805;105469;130471;135135;143455;145992;153768;159302;167029;167815;286038;360177;479728;527875;733579
128,512,25,10000.0,0.624,0.9,0.0015,12.0,0.12,100,0.0,3.0,,,,,,15,15,output_nm,100805;105469;130471;135135;143455;145992;153768;159302;167029;167815;286038;360177;479728;527875;733579
128,512,25,50000.0,0.624,0.9,0.0015,12.0,0.12,100,0.0,3.0,6.0,,,,,15,15,output_nm,100805;105469;130471;135135;143455;145992;153768;159302;167029;167815;286038;360177;479728;527875;733579
128,512,25,100000.0,0.624,0.9,0.0015,12.0,0.12,100,0.0,2.0,1.0,,,,,15,15,output_nm,100805;105469;130471;135135;143455;145992;153768;159302;167029;167815;286038;360177;479728;527875;733579
128,512,25,100000.0,0.624,0.9,0.0015,12.0,0.12,100,0.0,2.0,2.0,,,,,15,15,output_nm,100805;105469;130471;135135;143455;145992;153768;159302;167029;167815;286038;360177;479728;527875;733579
128,512,25,100000.0,0.624,0.9,0.0015,12.0,0.12,100,0.0,2.0,3.0,,,,,15,15,output_nm,100805;105469;130471;135135;143455;145992;153768;159302;167029;167815;286038;360177;479728;527875;733579
256,512,25,,0.624,0.9,0.0015,12.0,0.12,100,0.0,,,,,,,15,15,output,100805;105469;130471;135135;143455;145992;153768;159302;167029;167815;286038;360177;479728;527875;733579
256,512,25,5000.0,0.624,0.9,0.0015,12.0,0.12,100,0.0,3.0,6.0,,,,,15,15,output_nm,100805;105469;130471;135135;143455;145992;153768;159302;167029;167815;286038;360177;479728;527875;733579
256,512,25,10000.0,0.624,0.9,0.0015,12.0,0.12,100,0.0,2.0,,,,,,15,15,output_nm,100805;105469;130471;135135;143455;145992;153768;159302;167029;167815;286038;360177;479728;527875;733579
256,512,25,10000.0,0.624,0.9,0.0015,12.0,0.12,100,0.0,3.0,,,,,,15,15,output_nm,100805;105469;130471;135135;143455;145992;153768;159302;167029;167815;286038;360177;479728;527875;733579
256,512,25,50000.0,0.624,0.9,0.0015,12.0,0.12,100,0.0,3.0,6.0,,,,,15,15,output_nm,100805;105469;130471;135135;143455;145992;153768;159302;167029;167815;286038;360177;479728;527875;733579
512,128,25,,0.624,0.9,0.0015,12.0,0.12,100,0.0,,,,,,,15,15,output,100805;105469;130471;135135;143455;145992;153768;159302;167029;167815;286038;360177;479728;527875;733579
512,256,25,,0.624,0.9,0.0015,12.0,0.12,100,0.0,,,,,,,15,15,output,100805;105469;130471;135135;143455;145992;153768;159302;167029;167815;286038;360177;479728;527875;733579
512,512,25,,0.624,0.9,0.0015,12.0,0.12,100,0.0,,,,,,,45,30,output;output_no_pairs,100805;105469;105648;130471;135135;143455;145992;153768;159302;167029;167815;238461;274935;286038;352871;360177;394826;479728;496023;512837;527875;591734;648219;689421;723546;733579;745198;817354;893274;902156
512,512,25,1000.0,0.624,0.9,0.0015,12.0,0.12,100,0.0,2.0,6.0,,,,,15,15,output_nm,100805;105469;130471;135135;143455;145992;153768;159302;167029;167815;286038;360177;479728;527875;733579
512,512,25,5000.0,0.624,0.9,0.0015,12.0,0.12,100,0.0,2.0,6.0,,,,,15,15,output_nm,100805;105469;130471;135135;143455;145992;153768;159302;167029;167815;286038;360177;479728;527875;733579
512,512,25,5000.0,0.624,0.9,0.0015,12.0,0.12,100,0.0,3.0,6.0,,,,,15,15,output_nm,100805;105469;130471;135135;143455;145992;153768;159302;167029;167815;286038;360177;479728;527875;733579
512,512,25,10000.0,0.624,0.9,0.0015,12.0,0.12,100,0.0,2.0,,20.0,20.0,3.5,,15,15,output_nm,100805;105469;130471;135135;143455;145992;153768;159302;167029;167815;286038;360177;479728;527875;733579
512,512,25,10000.0,0.624,0.9,0.0015,12.0,0.12,100,0.0,2.0,,30.0,30.0,5.0,,15,15,output_nm,100805;105469;130471;135135;143455;145992;153768;159302;167029;167815;286038;360177;479728;527875;733579
512,512,25,10000.0,0.624,0.9,0.0015,12.0,0.12,100,0.0,2.0,,40.0,40.0,7.0,,15,15,output_nm,100805;105469;130471;135135;143455;145992;153768;159302;167029;167815;286038;360177;479728;527875;733579
512,512,25,10000.0,0.624,0.9,0.0015,12.0,0.12,100,0.0,2.0,,,,,,15,15,output_nm,100805;105469;130471;135135;143455;145992;153768;159302;167029;167815;286038;360177;479728;527875;733579
512,512,25,10000.0,0.624,0.9,0.0015,12.0,0.12,100,0.0,3.0,,,,,,15,15,output_nm,100805;105469;130471;135135;143455;145992;153768;159302;167029;167815;286038;360177;479728;527875;733579
512,512,25,50000.0,0.624,0.9,0.0015,12.0,0.12,100,0.0,2.0,6.0,,,,,15,15,output_nm,100805;105469;130471;135135;143455;145992;153768;159302;167029;167815;286038;360177;479728;527875;733579
512,512,25,1000000.0,0.624,0.9,0.0015,12.0,0.12,100,0.0,2.0,6.0,,,,,15,15,output_nm,100805;105469;130471;135135;143455;145992;153768;159302;167029;167815;286038;360177;479728;527875;733579
512,1024,25,,0.624,0.9,0.0015,12.0,0.12,100,0.0,,,,,,,15,15,output,100805;105469;130471;135135;143455;145992;153768;159302;167029;167815;286038;360177;479728;527875;733579
512,1024,25,10000.0,0.624,0.9,0.0015,12.0,0.12,100,0.0,2.0,,,,,,15,15,output_nm,100805;105469;130471;135135;143455;145992;153768;159302;167029;167815;286038;360177;479728;527875;733579
768,768,25,10000.0,0.624,0.9,0.0015,12.0,0.12,100,0.0,2.0,,30.0,30.0,3.5,7.0,15,15,output_nm,100805;105469;130471;135135;143455;145992;153768;159302;167029;167815;286038;360177;479728;527875;733579
768,768,36,10000.0,0.624,0.9,0.0015,12.0,0.12,100,0.0,2.0,,30.0,30.0,5.0,,13,13,output_nm,100805;105469;130471;135135;143455;153768;159302;167815;286038;360177;479728;527875;733579
1024,512,25,,0.624,0.9,0.0015,12.0,0.12,100,0.0,,,,,,,15,15,output,100805;105469;130471;135135;143455;145992;153768;159302;167029;167815;286038;360177;479728;527875;733579
1024,512,25,10000.0,0.624,0.9,0.0015,12.0,0.12,100,0.0,2.0,,,,,,15,15,output_nm,100805;105469;130471;135135;143455;145992;153768;159302;167029;167815;286038;360177;479728;527875;733579
1024,512,25,10000.0,0.624,0.9,0.0015,12.0,0.12,100,0.0,3.0,,,,,,3,3,output_nm,100805;105469;479728
1024,512,25,100000.0,0.624,0.9,0.0015,12.0,0.12,100,0.0,2.0,1.0,,,,,15,15,output_nm,100805;105469;130471;135135;143455;145992;153768;159302;167029;167815;286038;360177;479728;527875;733579
1024,512,25,100000.0,0.624,0.9,0.0015,12.0,0.12,100,0.0,2.0,2.0,,,,,15,15,output_nm,100805;105469;130471;135135;143455;145992;153768;159302;167029;167815;286038;360177;479728;527875;733579
1024,512,25,100000.0,0.624,0.9,0.0015,12.0,0.12,100,0.0,2.0,3.0,,,,,15,15,output_nm,100805;105469;130471;135135;143455;145992;153768;159302;167029;167815;286038;360177;479728;527875;733579
1024,1024,25,10000.0,0.624,0.9,0.0015,12.0,0.12,100,0.0,2.0,,40.0,40.0,3.5,7.0,15,15,output_nm,100805;105469;130471;135135;143455;145992;153768;159302;167029;167815;286038;360177;479728;527875;733579
1024,1024,50,10000.0,0.624,0.9,0.0015,12.0,0.12,100,0.0,2.0,,40.0,40.0,7.0,,15,15,output_nm,100805;105469;130471;135135;143455;145992;153768;159302;167029;167815;286038;360177;479728;527875;733579
512,512,25,,0.624,0.1,0.002,12.0,0.12,100,0.0,,,,,,,18,18,output,100805;105469;130471;135135;143455;145992;153768;159302;167029;167815;286038;360177;479728;527875;689421;733579;745198;893274
512,512,25,10000.0,0.624,0.1,0.002,12.0,0.12,100,0.0,2.0,6.0,,,,,15,15,output_nm,100805;105469;130471;135135;143455;145992;153768;159302;167029;167815;286038;360177;479728;527875;733579
512,512,25,100000.0,0.624,0.15,0.002,12.0,0.12,100,0.0,2.0,6.0,,,,,15,15,output_nm,100805;105469;130471;135135;143455;145992;153768;159302;167029;167815;286038;360177;479728;527875;733579
512,512,25,,0.624,0.2,0.002,12.0,0.12,100,0.0,,,,,,,21,21,output,100805;105469;130471;135135;143455;145992;153768;159302;167029;167815;238461;286038;360177;394826;479728;527875;591734;648219;723546;733579;817354
512,512,25,100000.0,0.624,0.2,0.002,12.0,0.12,100,0.0,2.0,6.0,,,,,15,15,output_nm,100805;105469;130471;135135;143455;145992;153768;159302;167029;167815;286038;360177;479728;527875;733579
128,512,25,,0.624,0.3,0.002,12.0,0.12,100,0.0,,,,,,,15,15,output,100805;105469;130471;135135;143455;145992;153768;159302;167029;167815;286038;360177;479728;527875;733579
256,512,25,,0.624,0.3,0.002,12.0,0.12,100,0.0,,,,,,,15,15,output,100805;105469;130471;135135;143455;145992;153768;159302;167029;167815;286038;360177;479728;527875;733579
512,128,25,,0.624,0.3,0.002,12.0,0.12,100,0.0,,,,,,,15,15,output,100805;105469;130471;135135;143455;145992;153768;159302;167029;167815;286038;360177;479728;527875;733579
512,256,25,,0.624,0.3,0.002,12.0,0.12,100,0.0,,,,,,,15,15,output,100805;105469;130471;135135;143455;145992;153768;159302;167029;167815;286038;360177;479728;527875;733579
512,512,25,,0.624,0.3,0.002,12.0,0.12,100,0.0,,,,,,,15,15,output,100805;105469;130471;135135;143455;145992;153768;159302;167029;167815;286038;360177;479728;527875;733579
512,512,25,100000.0,0.624,0.3,0.002,12.0,0.12,100,0.0,2.0,6.0,,,,,15,15,output_nm,100805;105469;130471;135135;143455;145992;153768;159302;167029;167815;286038;360177;479728;527875;733579
512,1024,25,,0.624,0.3,0.002,12.0,0.12,100,0.0,,,,,,,15,15,output,100805;105469;130471;135135;143455;145992;153768;159302;167029;167815;286038;360177;479728;527875;733579
1024,512,25,,0.624,0.3,0.002,12.0,0.12,100,0.0,,,,,,,15,15,output,100805;105469;130471;135135;143455;145992;153768;159302;167029;167815;286038;360177;479728;527875;733579
512,512,25,100000.0,0.624,0.4,0.002,12.0,0.12,100,0.0,2.0,6.0,,,,,15,15,output_nm,100805;105469;130471;135135;143455;145992;153768;159302;167029;167815;286038;360177;479728;527875;733579
512,512,25,10000.0,0.624,0.5,0.002,12.0,0.12,100,0.0,2.0,6.0,,,,,15,15,output_nm,100805;105469;130471;135135;143455;145992;153768;159302;167029;167815;286038;360177;479728;527875;733579
512,512,25,100000.0,0.624,0.5,0.002,12.0,0.12,100,0.0,2.0,6.0,,,,,15,15,output_nm,100805;105469;130471;135135;143455;145992;153768;159302;167029;167815;286038;360177;479728;527875;733579
512,512,25,100000.0,0.624,0.6,0.002,12.0,0.12,100,0.0,2.0,6.0,,,,,15,15,output_nm,100805;105469;130471;135135;143455;145992;153768;159302;167029;167815;286038;360177;479728;527875;733579
512,512,25,100000.0,0.624,0.7,0.002,12.0,0.12,100,0.0,2.0,6.0,,,,,15,15,output_nm,100805;105469;130471;135135;143455;145992;153768;159302;167029;167815;286038;360177;479728;527875;733579
512,512,25,100000.0,0.624,0.8,0.002,12.0,0.12,100,0.0,2.0,6.0,,,,,15,15,output_nm,100805;105469;130471;135135;143455;145992;153768;159302;167029;167815;286038;360177;479728;527875;733579
32,512,64,280000.0,0.624,0.9,0.002,12.0,0.12,100,0.0,2.0,6.0,,,,,15,15,output_nm,100805;105469;130471;135135;143455;145992;153768;159302;167029;167815;286038;360177;479728;527875;733579
64,512,64,559000.0,0.624,0.9,0.002,12.0,0.12,100,0.0,2.0,6.0,,,,,15,15,output_nm,100805;105469;130471;135135;143455;145992;153768;159302;167029;167815;286038;360177;479728;527875;733579
128,512,25,,0.624,0.9,0.002,12.0,0.12,100,0.0,,,,,,,15,15,output,100805;105469;130471;135135;143455;145992;153768;159302;167029;167815;286038;360177;479728;527875;733579
128,512,25,5000.0,0.624,0.9,0.002,12.0,0.12,100,0.0,3.0,6.0,,,,,15,15,output_nm,100805;105469;130471;135135;143455;145992;153768;159302;167029;167815;286038;360177;479728;527875;733579
128,512,25,10000.0,0.624,0.9,0.002,12.0,0.12,100,0.0,2.0,,,,,,15,15,output_nm,100805;105469;130471;135135;143455;145992;153768;159302;167029;167815;286038;360177;479728;527875;733579
128,512,25,10000.0,0.624,0.9,0.002,12.0,0.12,100,0.0,3.0,,,,,,15,15,output_nm,100805;105469;130471;135135;143455;145992;153768;159302;167029;167815;286038;360177;479728;527875;733579
128,512,25,50000.0,0.624,0.9,0.002,12.0,0.12,100,0.0,3.0,6.0,,,,,15,15,output_nm,100805;105469;130471;135135;143455;145992;153768;159302;167029;167815;286038;360177;479728;527875;733579
128,512,25,100000.0,0.624,0.9,0.002,12.0,0.12,100,0.0,2.0,1.0,,,,,15,15,output_nm,100805;105469;130471;135135;143455;145992;153768;159302;167029;167815;286038;360177;479728;527875;733579
128,512,25,100000.0,0.624,0.9,0.002,12.0,0.12,100,0.0,2.0,2.0,,,,,15,15,output_nm,100805;105469;130471;135135;143455;145992;153768;159302;167029;167815;286038;360177;479728;527875;733579
128,512,25,100000.0,0.624,0.9,0.002,12.0,0.12,100,0.0,2.0,3.0,,,,,15,15,output_nm,100805;105469;130471;135135;143455;145992;153768;159302;167029;167815;286038;360177;479728;527875;733579
128,512,64,1120000.0,0.624,0.9,0.002,12.0,0.12,100,0.0,2.0,6.0,,,,,15,15,output_nm,100805;105469;130471;135135;143455;145992;153768;159302;167029;167815;286038;360177;479728;527875;733579
256,512,25,,0.624,0.9,0.002,12.0,0.12,100,0.0,,,,,,,15,15,output,100805;105469;130471;135135;143455;145992;153768;159302;167029;167815;286038;360177;479728;527875;733579
256,512,25,5000.0,0.624,0.9,0.002,12.0,0.12,100,0.0,3.0,6.0,,,,,15,15,output_nm,100805;105469;130471;135135;143455;145992;153768;159302;167029;167815;286038;360177;479728;527875;733579
256,512,25,10000.0,0.624,0.9,0.002,12.0,0.12,100,0.0,2.0,,,,,,15,15,output_nm,100805;105469;130471;135135;143455;145992;153768;159302;167029;167815;286038;360177;479728;527875;733579
256,512,25,10000.0,0.624,0.9,0.002,12.0,0.12,100,0.0,3.0,,,,,,15,15,output_nm,100805;105469;130471;135135;143455;145992;153768;159302;167029;167815;286038;360177;479728;527875;733579
256,512,25,50000.0,0.624,0.9,0.002,12.0,0.12,100,0.0,3.0,6.0,,,,,15,15,output_nm,100805;105469;130471;135135;143455;145992;153768;159302;167029;167815;286038;360177;479728;527875;733579
256,512,64,2240000.0,0.624,0.9,0.002,12.0,0.12,100,0.0,2.0,6.0,,,,,15,15,output_nm,100805;105469;130471;135135;143455;145992;153768;159302;167029;167815;286038;360177;479728;527875;733579
512,32,64,279000.0,0.624,0.9,0.002,12.0,0.12,100,0.0,2.0,6.0,,,,,15,15,output_nm,100805;105469;130471;135135;143455;145992;153768;159302;167029;167815;286038;360177;479728;527875;733579
512,64,64,250000.0,0.624,0.9,0.002,12.0,0.12,100,0.0,2.0,6.0,,,,,15,15,output_nm,100805;105469;130471;135135;143455;145992;153768;159302;167029;167815;286038;360177;479728;527875;733579
512,64,64,575000.0,0.624,0.9,0.002,12.0,0.12,100,0.0,2.0,6.0,,,,,15,15,output_nm,100805;105469;130471;135135;143455;145992;153768;159302;167029;167815;286038;360177;479728;527875;733579
512,128,25,,0.624,0.9,0.002,12.0,0.12,100,0.0,,,,,,,15,15,output,100805;105469;130471;135135;143455;145992;153768;159302;167029;167815;286038;360177;479728;527875;733579
512,128,64,250000.0,0.624,0.9,0.002,12.0,0.12,100,0.0,2.0,6.0,,,,,15,15,output_nm,100805;105469;130471;135135;143455;145992;153768;159302;167029;167815;286038;360177;479728;527875;733579
512,128,64,1125000.0,0.624,0.9,0.002,12.0,0.12,100,0.0,2.0,6.0,,,,,15,15,output_nm,100805;105469;130471;135135;143455;145992;153768;159302;167029;167815;286038;360177;479728;527875;733579
512,256,25,,0.624,0.9,0.002,12.0,0.12,100,0.0,,,,,,,15,15,output,100805;105469;130471;135135;143455;145992;153768;159302;167029;167815;286038;360177;479728;527875;733579
512,256,64,90000.0,0.624,0.9,0.002,12.0,0.12,100,0.0,2.0,6.0,,,,,6,6,output_nm,167815;286038;360177;479728;527875;733579
512,256,64,250000.0,0.624,0.9,0.002,12.0,0.12,100,0.0,2.0,6.0,,,,,15,15,output_nm,100805;105469;130471;135135;143455;145992;153768;159302;167029;167815;286038;360177;479728;527875;733579
512,256,64,2225000.0,0.624,0.9,0.002,12.0,0.12,100,0.0,2.0,6.0,,,,,15,15,output_nm,100805;105469;130471;135135;143455;145992;153768;159302;167029;167815;286038;360177;479728;527875;733579
512,256,64,2235661.0,0.624,0.9,0.002,12.0,0.12,100,0.0,2.0,6.0,,,,,10,10,output_nm,100805;105469;130471;135135;143455;145992;153768;159302;167029;167815
512,512,16,1120000.0,0.624,0.9,0.002,12.0,0.12,100,0.0,2.0,6.0,,,,,15,15,output_nm,100805;105469;130471;135135;143455;145992;153768;159302;167029;167815;286038;360177;479728;527875;733579
512,512,25,,0.624,0.9,0.002,12.0,0.12,100,0.0,,,,,,,45,30,output;output_no_pairs,100805;105469;105648;130471;135135;143455;145992;153768;159302;167029;167815;238461;274935;286038;352871;360177;394826;479728;496023;512837;527875;591734;648219;689421;723546;733579;745198;817354;893274;902156
512,512,25,1000.0,0.624,0.9,0.002,12.0,0.12,100,0.0,2.0,6.0,,,,,15,15,output_nm,100805;105469;130471;135135;143455;145992;153768;159302;167029;167815;286038;360177;479728;527875;733579
512,512,25,5000.0,0.624,0.9,0.002,12.0,0.12,100,0.0,2.0,6.0,,,,,15,15,output_nm,100805;105469;130471;135135;143455;145992;153768;159302;167029;167815;286038;360177;479728;527875;733579
512,512,25,5000.0,0.624,0.9,0.002,12.0,0.12,100,0.0,3.0,6.0,,,,,15,15,output_nm,100805;105469;130471;135135;143455;145992;153768;159302;167029;167815;286038;360177;479728;527875;733579
512,512,25,10000.0,0.624,0.9,0.002,12.0,0.12,100,0.0,2.0,2.0,,,,,15,15,output_nm,100805;105469;130471;135135;143455;145992;153768;159302;167029;167815;286038;360177;479728;527875;733579
512,512,25,10000.0,0.624,0.9,0.002,12.0,0.12,100,0.0,2.0,3.0,,,,,15,15,output_nm,100805;105469;130471;135135;143455;145992;153768;159302;167029;167815;286038;360177;479728;527875;733579
512,512,25,10000.0,0.624,0.9,0.002,12.0,0.12,100,0.0,2.0,6.0,,,,,15,15,output_nm,100805;105469;130471;135135;143455;145992;153768;159302;167029;167815;286038;360177;479728;527875;733579
512,512,25,10000.0,0.624,0.9,0.002,12.0,0.12,100,0.0,2.0,,20.0,20.0,3.5,,15,15,output_nm,100805;105469;130471;135135;143455;145992;153768;159302;167029;167815;286038;360177;479728;527875;733579
512,512,25,10000.0,0.624,0.9,0.002,12.0,0.12,100,0.0,2.0,,30.0,30.0,5.0,,15,15,output_nm,100805;105469;130471;135135;143455;145992;153768;159302;167029;167815;286038;360177;479728;527875;733579
512,512,25,10000.0,0.624,0.9,0.002,12.0,0.12,100,0.0,2.0,,40.0,40.0,7.0,,15,15,output_nm,100805;105469;130471;135135;143455;145992;153768;159302;167029;167815;286038;360177;479728;527875;733579
512,512,25,10000.0,0.624,0.9,0.002,12.0,0.12,100,0.0,2.0,,,,,,15,15,output_nm,100805;105469;130471;135135;143455;145992;153768;159302;167029;167815;286038;360177;479728;527875;733579
512,512,25,10000.0,0.624,0.9,0.002,12.0,0.12,100,0.0,3.0,,,,,,15,15,output_nm,100805;105469;130471;135135;143455;145992;153768;159302;167029;167815;286038;360177;479728;527875;733579
512,512,25,50000.0,0.624,0.9,0.002,12.0,0.12,100,0.0,2.0,6.0,,,,,15,15,output_nm,100805;105469;130471;135135;143455;145992;153768;159302;167029;167815;286038;360177;479728;527875;733579
512,512,25,100000.0,0.624,0.9,0.002,12.0,0.12,100,0.0,2.0,1.0,,,,,15,15,output_nm,100805;105469;130471;135135;143455;145992;153768;159302;167029;167815;286038;360177;479728;527875;733579
512,512,25,100000.0,0.624,0.9,0.002,12.0,0.12,100,0.0,2.0,2.0,,,,,15,15,output_nm,100805;105469;130471;135135;143455;145992;153768;159302;167029;167815;286038;360177;479728;527875;733579
512,512,25,100000.0,0.624,0.9,0.002,12.0,0.12,100,0.0,2.0,3.0,,,,,15,15,output_nm,100805;105469;130471;135135;143455;145992;153768;159302;167029;167815;286038;360177;479728;527875;733579
512,512,25,100000.0,0.624,0.9,0.002,12.0,0.12,100,0.0,2.0,6.0,,,,,15,15,output_nm,100805;105469;130471;135135;143455;145992;153768;159302;167029;167815;286038;360177;479728;527875;733579
512,512,25,100000.0,0.624,0.9,0.002,12.0,0.12,100,0.313,,,,,,,1,1,output_nm,100805
512,512,25,1000000.0,0.624,0.9,0.002,12.0,0.12,100,0.0,2.0,6.0,,,,,15,15,output_nm,100805;105469;130471;135135;143455;145992;153768;159302;167029;167815;286038;360177;479728;527875;733579
512,512,32,2240000.0,0.624,0.9,0.002,12.0,0.12,100,0.0,2.0,6.0,,,,,15,15,output_nm,100805;105469;130471;135135;143455;145992;153768;159302;167029;167815;286038;360177;479728;527875;733579
512,512,64,50000.0,0.624,0.9,0.002,12.0,0.12,100,0.0,2.0,6.0,,,,,15,15,output_nm,100805;105469;130471;135135;143455;145992;153768;159302;167029;167815;286038;360177;479728;527875;733579
512,512,64,100000.0,0.624,0.9,0.002,12.0,0.12,100,0.0,2.0,6.0,,,,,15,15,output_nm,100805;105469;130471;135135;143455;145992;153768;159302;167029;167815;286038;360177;479728;527875;733579
512,512,64,250000.0,0.624,0.9,0.002,12.0,0.12,100,0.0,2.0,6.0,,,,,15,15,output_nm,100805;105469;130471;135135;143455;145992;153768;159302;167029;167815;286038;360177;479728;527875;733579
512,512,64,500000.0,0.624,0.9,0.002,12.0,0.12,100,0.0,2.0,6.0,,,,,15,15,output_nm,100805;105469;130471;135135;143455;145992;153768;159302;167029;167815;286038;360177;479728;527875;733579
512,512,64,1000000.0,0.624,0.9,0.002,12.0,0.12,100,0.0,2.0,6.0,,,,,15,15,output_nm,100805;105469;130471;135135;143455;145992;153768;159302;167029;167815;286038;360177;479728;527875;733579
512,512,64,1250000.0,0.624,0.9,0.002,12.0,0.12,100,0.0,2.0,6.0,,,,,15,15,output_nm,100805;105469;130471;135135;143455;145992;153768;159302;167029;167815;286038;360177;479728;527875;733579
512,512,64,1500000.0,0.624,0.9,0.002,12.0,0.12,100,0.0,2.0,6.0,,,,,15,15,output_nm,100805;105469;130471;135135;143455;145992;153768;159302;167029;167815;286038;360177;479728;527875;733579
512,512,64,3000000.0,0.624,0.9,0.002,12.0,0.12,100,0.0,2.0,6.0,,,,,15,15,output_nm,100805;105469;130471;135135;143455;145992;153768;159302;167029;167815;286038;360177;479728;527875;733579
512,512,64,4450000.0,0.624,0.9,0.002,12.0,0.12,100,0.0,2.0,6.0,,,,,12,12,output_nm,100805;105469;130471;135135;143455;145992;153768;159302;167029;167815;286038;360177
512,512,64,6000000.0,0.624,0.9,0.002,12.0,0.12,100,0.0,2.0,6.0,,,,,15,15,output_nm,100805;105469;130471;135135;143455;145992;153768;159302;167029;167815;286038;360177;479728;527875;733579
512,512,128,8950000.0,0.624,0.9,0.002,12.0,0.12,100,0.0,2.0,6.0,,,,,15,15,output_nm,100805;105469;130471;135135;143455;145992;153768;159302;167029;167815;286038;360177;479728;527875;733579
512,1024,25,,0.624,0.9,0.002,12.0,0.12,100,0.0,,,,,,,15,15,output,100805;105469;130471;135135;143455;145992;153768;159302;167029;167815;286038;360177;479728;527875;733579
512,1024,25,10000.0,0.624,0.9,0.002,12.0,0.12,100,0.0,2.0,,,,,,15,15,output_nm,100805;105469;130471;135135;143455;145992;153768;159302;167029;167815;286038;360177;479728;527875;733579
512,1024,64,250000.0,0.624,0.9,0.002,12.0,0.12,100,0.0,2.0,6.0,,,,,15,15,output_nm,100805;105469;130471;135135;143455;145992;153768;159302;167029;167815;286038;360177;479728;527875;733579
512,1024,64,8949000.0,0.624,0.9,0.002,12.0,0.12,100,0.0,2.0,6.0,,,,,15,15,output_nm,100805;105469;130471;135135;143455;145992;153768;159302;167029;167815;286038;360177;479728;527875;733579
768,768,25,10000.0,0.624,0.9,0.002,12.0,0.12,100,0.0,2.0,,30.0,30.0,3.5,7.0,15,15,output_nm,100805;105469;130471;135135;143455;145992;153768;159302;167029;167815;286038;360177;479728;527875;733579
768,768,36,10000.0,0.624,0.9,0.002,12.0,0.12,100,0.0,2.0,,30.0,30.0,5.0,,15,15,output_nm,100805;105469;130471;135135;143455;145992;153768;159302;167029;167815;286038;360177;479728;527875;733579
1024,512,25,,0.624,0.9,0.002,12.0,0.12,100,0.0,,,,,,,15,15,output,100805;105469;130471;135135;143455;145992;153768;159302;167029;167815;286038;360177;479728;527875;733579
1024,512,25,10000.0,0.624,0.9,0.002,12.0,0.12,100,0.0,2.0,,,,,,15,15,output_nm,100805;105469;130471;135135;143455;145992;153768;159302;167029;167815;286038;360177;479728;527875;733579
1024,512,25,100000.0,0.624,0.9,0.002,12.0,0.12,100,0.0,2.0,1.0,,,,,15,15,output_nm,100805;105469;130471;135135;143455;145992;153768;159302;167029;167815;286038;360177;479728;527875;733579
1024,512,25,100000.0,0.624,0.9,0.002,12.0,0.12,100,0.0,2.0,2.0,,,,,15,15,output_nm,100805;105469;130471;135135;143455;145992;153768;159302;167029;167815;286038;360177;479728;527875;733579
1024,512,25,100000.0,0.624,0.9,0.002,12.0,0.12,100,0.0,2.0,3.0,,,,,15,15,output_nm,100805;105469;130471;135135;143455;145992;153768;159302;167029;167815;286038;360177;479728;527875;733579
1024,512,64,8950000.0,0.624,0.9,0.002,12.0,0.12,100,0.0,2.0,6.0,,,,,15,15,output_nm,100805;105469;130471;135135;143455;145992;153768;159302;167029;167815;286038;360177;479728;527875;733579
1024,1024,25,10000.0,0.624,0.9,0.002,12.0,0.12,100,0.0,2.0,,40.0,40.0,3.5,7.0,13,13,output_nm,100805;105469;130471;135135;143455;145992;159302;167815;286038;360177;479728;527875;733579
1024,1024,50,10000.0,0.624,0.9,0.002,12.0,0.12,100,0.0,2.0,,40.0,40.0,7.0,,15,15,output_nm,100805;105469;130471;135135;143455;145992;153768;159302;167029;167815;286038;360177;479728;527875;733579
2048,512,64,17900000.0,0.624,0.9,0.002,12.0,0.12,100,0.0,2.0,6.0,,,,,15,15,output_nm,100805;105469;130471;135135;143455;145992;153768;159302;167029;167815;286038;360177;479728;527875;733579
512,512,25,,0.624,1.0,0.002,12.0,0.12,100,0.0,,,,,,,15,15,output,100805;105469;130471;135135;143455;145992;153768;159302;167029;167815;286038;360177;479728;527875;733579
512,512,25,,0.624,1.0,0.002,12.0,0.12,100,0.0991,,,,,,,15,15,output,100805;105469;130471;135135;143455;145992;153768;159302;167029;167815;286038;360177;479728;527875;733579
512,512,25,,0.624,1.0,0.002,12.0,0.12,100,0.2973,,,,,,,15,15,output,100805;105469;130471;135135;143455;145992;153768;159302;167029;167815;286038;360177;479728;527875;733579
512,512,25,,0.624,1.0,0.002,12.0,0.12,100,0.4955,,,,,,,15,15,output,100805;105469;130471;135135;143455;145992;153768;159302;167029;167815;286038;360177;479728;527875;733579
512,512,25,,0.624,1.0,0.002,12.0,0.12,100,0.991,,,,,,,15,15,output,100805;105469;130471;135135;143455;145992;153768;159302;167029;167815;286038;360177;479728;527875;733579
512,512,25,,0.624,1.0,0.002,12.0,0.12,100,1.4865,,,,,,,15,15,output,100805;105469;130471;135135;143455;145992;153768;159302;167029;167815;286038;360177;479728;527875;733579
512,512,25,,0.624,1.0,0.002,12.0,0.12,100,1.982,,,,,,,15,15,output,100805;105469;130471;135135;143455;145992;153768;159302;167029;167815;286038;360177;479728;527875;733579
512,512,25,,0.624,0.1,0.0025,12.0,0.12,100,0.0,,,,,,,18,18,output,100805;105469;130471;135135;143455;145992;153768;159302;167029;167815;286038;360177;479728;527875;689421;733579;745198;893274
512,512,25,10000.0,0.624,0.1,0.0025,12.0,0.12,100,0.0,2.0,6.0,,,,,15,15,output_nm,100805;105469;130471;135135;143455;145992;153768;159302;167029;167815;286038;360177;479728;527875;733579
512,512,25,100000.0,0.624,0.15,0.0025,12.0,0.12,100,0.0,2.0,6.0,,,,,15,15,output_nm,100805;105469;130471;135135;143455;145992;153768;159302;167029;167815;286038;360177;479728;527875;733579
512,512,25,,0.624,0.2,0.0025,12.0,0.12,100,0.0,,,,,,,21,21,output,100805;105469;130471;135135;143455;145992;153768;159302;167029;167815;238461;286038;360177;394826;479728;527875;591734;648219;723546;733579;817354
512,512,25,100000.0,0.624,0.2,0.0025,12.0,0.12,100,0.0,2.0,6.0,,,,,15,15,output_nm,100805;105469;130471;135135;143455;145992;153768;159302;167029;167815;286038;360177;479728;527875;733579
128,512,25,,0.624,0.3,0.0025,12.0,0.12,100,0.0,,,,,,,15,15,output,100805;105469;130471;135135;143455;145992;153768;159302;167029;167815;286038;360177;479728;527875;733579
256,512,25,,0.624,0.3,0.0025,12.0,0.12,100,0.0,,,,,,,15,15,output,100805;105469;130471;135135;143455;145992;153768;159302;167029;167815;286038;360177;479728;527875;733579
512,128,25,,0.624,0.3,0.0025,12.0,0.12,100,0.0,,,,,,,15,15,output,100805;105469;130471;135135;143455;145992;153768;159302;167029;167815;286038;360177;479728;527875;733579
512,256,25,,0.624,0.3,0.0025,12.0,0.12,100,0.0,,,,,,,15,15,output,100805;105469;130471;135135;143455;145992;153768;159302;167029;167815;286038;360177;479728;527875;733579
512,512,25,,0.624,0.3,0.0025,12.0,0.12,100,0.0,,,,,,,15,15,output,100805;105469;130471;135135;143455;145992;153768;159302;167029;167815;286038;360177;479728;527875;733579
512,512,25,100000.0,0.624,0.3,0.0025,12.0,0.12,100,0.0,2.0,6.0,,,,,15,15,output_nm,100805;105469;130471;135135;143455;145992;153768;159302;167029;167815;286038;360177;479728;527875;733579
512,1024,25,,0.624,0.3,0.0025,12.0,0.12,100,0.0,,,,,,,15,15,output,100805;105469;130471;135135;143455;145992;153768;159302;167029;167815;286038;360177;479728;527875;733579
1024,512,25,,0.624,0.3,0.0025,12.0,0.12,100,0.0,,,,,,,15,15,output,100805;105469;130471;135135;143455;145992;153768;159302;167029;167815;286038;360177;479728;527875;733579
512,512,25,100000.0,0.624,0.4,0.0025,12.0,0.12,100,0.0,2.0,6.0,,,,,15,15,output_nm,100805;105469;130471;135135;143455;145992;153768;159302;167029;167815;286038;360177;479728;527875;733579
512,512,25,10000.0,0.624,0.5,0.0025,12.0,0.12,100,0.0,2.0,6.0,,,,,15,15,output_nm,100805;105469;130471;135135;143455;145992;153768;159302;167029;167815;286038;360177;479728;527875;733579
512,512,25,100000.0,0.624,0.5,0.0025,12.0,0.12,100,0.0,2.0,6.0,,,,,15,15,output_nm,100805;105469;130471;135135;143455;145992;153768;159302;167029;167815;286038;360177;479728;527875;733579
512,512,25,100000.0,0.624,0.6,0.0025,12.0,0.12,100,0.0,2.0,6.0,,,,,15,15,output_nm,100805;105469;130471;135135;143455;145992;153768;159302;167029;167815;286038;360177;479728;527875;733579
512,512,25,100000.0,0.624,0.7,0.0025,12.0,0.12,100,0.0,2.0,6.0,,,,,15,15,output_nm,100805;105469;130471;135135;143455;145992;153768;159302;167029;167815;286038;360177;479728;527875;733579
512,512,25,100000.0,0.624,0.8,0.0025,12.0,0.12,100,0.0,2.0,6.0,,,,,15,15,output_nm,100805;105469;130471;135135;143455;145992;153768;159302;167029;167815;286038;360177;479728;527875;733579
128,512,25,,0.624,0.9,0.0025,12.0,0.12,100,0.0,,,,,,,15,15,output,100805;105469;130471;135135;143455;145992;153768;159302;167029;167815;286038;360177;479728;527875;733579
128,512,25,5000.0,0.624,0.9,0.0025,12.0,0.12,100,0.0,3.0,6.0,,,,,15,15,output_nm,100805;105469;130471;135135;143455;145992;153768;159302;167029;167815;286038;360177;479728;527875;733579
128,512,25,10000.0,0.624,0.9,0.0025,12.0,0.12,100,0.0,2.0,,,,,,15,15,output_nm,100805;105469;130471;135135;143455;145992;153768;159302;167029;167815;286038;360177;479728;527875;733579
128,512,25,10000.0,0.624,0.9,0.0025,12.0,0.12,100,0.0,3.0,,,,,,15,15,output_nm,100805;105469;130471;135135;143455;145992;153768;159302;167029;167815;286038;360177;479728;527875;733579
128,512,25,50000.0,0.624,0.9,0.0025,12.0,0.12,100,0.0,3.0,6.0,,,,,15,15,output_nm,100805;105469;130471;135135;143455;145992;153768;159302;167029;167815;286038;360177;479728;527875;733579
128,512,25,100000.0,0.624,0.9,0.0025,12.0,0.12,100,0.0,2.0,1.0,,,,,15,15,output_nm,100805;105469;130471;135135;143455;145992;153768;159302;167029;167815;286038;360177;479728;527875;733579
128,512,25,100000.0,0.624,0.9,0.0025,12.0,0.12,100,0.0,2.0,2.0,,,,,15,15,output_nm,100805;105469;130471;135135;143455;145992;153768;159302;167029;167815;286038;360177;479728;527875;733579
128,512,25,100000.0,0.624,0.9,0.0025,12.0,0.12,100,0.0,2.0,3.0,,,,,15,15,output_nm,100805;105469;130471;135135;143455;145992;153768;159302;167029;167815;286038;360177;479728;527875;733579
256,512,25,,0.624,0.9,0.0025,12.0,0.12,100,0.0,,,,,,,15,15,output,100805;105469;130471;135135;143455;145992;153768;159302;167029;167815;286038;360177;479728;527875;733579
256,512,25,5000.0,0.624,0.9,0.0025,12.0,0.12,100,0.0,3.0,6.0,,,,,15,15,output_nm,100805;105469;130471;135135;143455;145992;153768;159302;167029;167815;286038;360177;479728;527875;733579
256,512,25,10000.0,0.624,0.9,0.0025,12.0,0.12,100,0.0,2.0,,,,,,15,15,output_nm,100805;105469;130471;135135;143455;145992;153768;159302;167029;167815;286038;360177;479728;527875;733579
256,512,25,10000.0,0.624,0.9,0.0025,12.0,0.12,100,0.0,3.0,,,,,,15,15,output_nm,100805;105469;130471;135135;143455;145992;153768;159302;167029;167815;286038;360177;479728;527875;733579
256,512,25,50000.0,0.624,0.9,0.0025,12.0,0.12,100,0.0,3.0,6.0,,,,,15,15,output_nm,100805;105469;130471;135135;143455;145992;153768;159302;167029;167815;286038;360177;479728;527875;733579
512,128,25,,0.624,0.9,0.0025,12.0,0.12,100,0.0,,,,,,,15,15,output,100805;105469;130471;135135;143455;145992;153768;159302;167029;167815;286038;360177;479728;527875;733579
512,256,25,,0.624,0.9,0.0025,12.0,0.12,100,0.0,,,,,,,15,15,output,100805;105469;130471;135135;143455;145992;153768;159302;167029;167815;286038;360177;479728;527875;733579
512,512,25,,0.624,0.9,0.0025,12.0,0.12,100,0.0,,,,,,,45,30,output;output_no_pairs,100805;105469;105648;130471;135135;143455;145992;153768;159302;167029;167815;238461;274935;286038;352871;360177;394826;479728;496023;512837;527875;591734;648219;689421;723546;733579;745198;817354;893274;902156
512,512,25,1000.0,0.624,0.9,0.0025,12.0,0.12,100,0.0,2.0,6.0,,,,,15,15,output_nm,100805;105469;130471;135135;143455;145992;153768;159302;167029;167815;286038;360177;479728;527875;733579
512,512,25,5000.0,0.624,0.9,0.0025,12.0,0.12,100,0.0,2.0,6.0,,,,,15,15,output_nm,100805;105469;130471;135135;143455;145992;153768;159302;167029;167815;286038;360177;479728;527875;733579
512,512,25,5000.0,0.624,0.9,0.0025,12.0,0.12,100,0.0,3.0,6.0,,,,,15,15,output_nm,100805;105469;130471;135135;143455;145992;153768;159302;167029;167815;286038;360177;479728;527875;733579
512,512,25,10000.0,0.624,0.9,0.0025,12.0,0.12,100,0.0,2.0,,20.0,20.0,3.5,,15,15,output_nm,100805;105469;130471;135135;143455;145992;153768;159302;167029;167815;286038;360177;479728;527875;733579
512,512,25,10000.0,0.624,0.9,0.0025,12.0,0.12,100,0.0,2.0,,30.0,30.0,5.0,,15,15,output_nm,100805;105469;130471;135135;143455;145992;153768;159302;167029;167815;286038;360177;479728;527875;733579
512,512,25,10000.0,0.624,0.9,0.0025,12.0,0.12,100,0.0,2.0,,40.0,40.0,7.0,,15,15,output_nm,100805;105469;130471;135135;143455;145992;153768;159302;167029;167815;286038;360177;479728;527875;733579
512,512,25,10000.0,0.624,0.9,0.0025,12.0,0.12,100,0.0,2.0,,,,,,15,15,output_nm,100805;105469;130471;135135;143455;145992;153768;159302;167029;167815;286038;360177;479728;527875;733579
512,512,25,10000.0,0.624,0.9,0.0025,12.0,0.12,100,0.0,3.0,,,,,,15,15,output_nm,100805;105469;130471;135135;143455;145992;153768;159302;167029;167815;286038;360177;479728;527875;733579
512,512,25,50000.0,0.624,0.9,0.0025,12.0,0.12,100,0.0,2.0,6.0,,,,,15,15,output_nm,100805;105469;130471;135135;143455;145992;153768;159302;167029;167815;286038;360177;479728;527875;733579
512,512,25,1000000.0,0.624,0.9,0.0025,12.0,0.12,100,0.0,2.0,6.0,,,,,15,15,output_nm,100805;105469;130471;135135;143455;145992;153768;159302;167029;167815;286038;360177;479728;527875;733579
512,1024,25,,0.624,0.9,0.0025,12.0,0.12,100,0.0,,,,,,,15,15,output,100805;105469;130471;135135;143455;145992;153768;159302;167029;167815;286038;360177;479728;527875;733579
512,1024,25,10000.0,0.624,0.9,0.0025,12.0,0.12,100,0.0,2.0,,,,,,15,15,output_nm,100805;105469;130471;135135;143455;145992;153768;159302;167029;167815;286038;360177;479728;527875;733579
768,768,25,10000.0,0.624,0.9,0.0025,12.0,0.12,100,0.0,2.0,,30.0,30.0,3.5,7.0,15,15,output_nm,100805;105469;130471;135135;143455;145992;153768;159302;167029;167815;286038;360177;479728;527875;733579
768,768,36,10000.0,0.624,0.9,0.0025,12.0,0.12,100,0.0,2.0,,30.0,30.0,5.0,,15,15,output_nm,100805;105469;130471;135135;143455;145992;153768;159302;167029;167815;286038;360177;479728;527875;733579
1024,512,25,,0.624,0.9,0.0025,12.0,0.12,100,0.0,,,,,,,15,15,output,100805;105469;130471;135135;143455;145992;153768;159302;167029;167815;286038;360177;479728;527875;733579
1024,512,25,10000.0,0.624,0.9,0.0025,12.0,0.12,100,0.0,2.0,,,,,,15,15,output_nm,100805;105469;130471;135135;143455;145992;153768;159302;167029;167815;286038;360177;479728;527875;733579
1024,512,25,100000.0,0.624,0.9,0.0025,12.0,0.12,100,0.0,2.0,1.0,,,,,15,15,output_nm,100805;105469;130471;135135;143455;145992;153768;159302;167029;167815;286038;360177;479728;527875;733579
1024,512,25,100000.0,0.624,0.9,0.0025,12.0,0.12,100,0.0,2.0,2.0,,,,,15,15,output_nm,100805;105469;130471;135135;143455;145992;153768;159302;167029;167815;286038;360177;479728;527875;733579
1024,512,25,100000.0,0.624,0.9,0.0025,12.0,0.12,100,0.0,2.0,3.0,,,,,15,15,output_nm,100805;105469;130471;135135;143455;145992;153768;159302;167029;167815;286038;360177;479728;527875;733579
1024,1024,25,10000.0,0.624,0.9,0.0025,12.0,0.12,100,0.0,2.0,,40.0,40.0,3.5,7.0,9,9,output_nm,100805;135135;143455;145992;286038;360177;479728;527875;733579
1024,1024,50,10000.0,0.624,0.9,0.0025,12.0,0.12,100,0.0,2.0,,40.0,40.0,7.0,,15,15,output_nm,100805;105469;130471;135135;143455;145992;153768;159302;167029;167815;286038;360177;479728;527875;733579
512,512,25,,0.624,0.9,0.003,12.0,0.12,100,0.0,,,,,,,15,15,output,100805;105469;130471;135135;143455;145992;153768;159302;167029;167815;286038;360177;479728;527875;733579
512,512,25,,0.624,1.0,0.003,12.0,0.12,100,0.0,,,,,,,15,15,output,100805;105469;130471;135135;143455;145992;153768;159302;167029;167815;286038;360177;479728;527875;733579
512,512,25,,0.624,1.0,0.003,12.0,0.12,100,0.1213,,,,,,,15,15,output,100805;105469;130471;135135;143455;145992;153768;159302;167029;167815;286038;360177;479728;527875;733579
512,512,25,,0.624,1.0,0.003,12.0,0.12,100,0.3639,,,,,,,15,15,output,100805;105469;130471;135135;143455;145992;153768;159302;167029;167815;286038;360177;479728;527875;733579
512,512,25,,0.624,1.0,0.003,12.0,0.12,100,0.6065,,,,,,,15,15,output,100805;105469;130471;135135;143455;145992;153768;159302;167029;167815;286038;360177;479728;527875;733579
512,512,25,,0.624,1.0,0.003,12.0,0.12,100,1.213,,,,,,,15,15,output,100805;105469;130471;135135;143455;145992;153768;159302;167029;167815;286038;360177;479728;527875;733579
512,512,25,,0.624,1.0,0.003,12.0,0.12,100,1.8195,,,,,,,15,15,output,100805;105469;130471;135135;143455;145992;153768;159302;167029;167815;286038;360177;479728;527875;733579
512,512,25,,0.624,1.0,0.003,12.0,0.12,100,2.426,,,,,,,15,15,output,100805;105469;130471;135135;143455;145992;153768;159302;167029;167815;286038;360177;479728;527875;733579
512,512,25,,0.624,0.1,0.004,12.0,0.12,100,0.0,,,,,,,18,18,output,100805;105469;130471;135135;143455;145992;153768;159302;167029;167815;286038;360177;479728;527875;689421;733579;745198;893274
512,512,25,10000.0,0.624,0.1,0.004,12.0,0.12,100,0.0,2.0,6.0,,,,,15,15,output_nm,100805;105469;130471;135135;143455;145992;153768;159302;167029;167815;286038;360177;479728;527875;733579
512,512,25,100000.0,0.624,0.15,0.004,12.0,0.12,100,0.0,2.0,6.0,,,,,15,15,output_nm,100805;105469;130471;135135;143455;145992;153768;159302;167029;167815;286038;360177;479728;527875;733579
512,512,25,,0.624,0.2,0.004,12.0,0.12,100,0.0,,,,,,,21,21,output,100805;105469;130471;135135;143455;145992;153768;159302;167029;167815;238461;286038;360177;394826;479728;527875;591734;648219;723546;733579;817354
512,512,25,100000.0,0.624,0.2,0.004,12.0,0.12,100,0.0,2.0,6.0,,,,,15,15,output_nm,100805;105469;130471;135135;143455;145992;153768;159302;167029;167815;286038;360177;479728;527875;733579
128,512,25,,0.624,0.3,0.004,12.0,0.12,100,0.0,,,,,,,15,15,output,100805;105469;130471;135135;143455;145992;153768;159302;167029;167815;286038;360177;479728;527875;733579
256,512,25,,0.624,0.3,0.004,12.0,0.12,100,0.0,,,,,,,15,15,output,100805;105469;130471;135135;143455;145992;153768;159302;167029;167815;286038;360177;479728;527875;733579
512,128,25,,0.624,0.3,0.004,12.0,0.12,100,0.0,,,,,,,15,15,output,100805;105469;130471;135135;143455;145992;153768;159302;167029;167815;286038;360177;479728;527875;733579
512,256,25,,0.624,0.3,0.004,12.0,0.12,100,0.0,,,,,,,15,15,output,100805;105469;130471;135135;143455;145992;153768;159302;167029;167815;286038;360177;479728;527875;733579
512,512,25,,0.624,0.3,0.004,12.0,0.12,100,0.0,,,,,,,15,15,output,100805;105469;130471;135135;143455;145992;153768;159302;167029;167815;286038;360177;479728;527875;733579
512,512,25,100000.0,0.624,0.3,0.004,12.0,0.12,100,0.0,2.0,6.0,,,,,15,15,output_nm,100805;105469;130471;135135;143455;145992;153768;159302;167029;167815;286038;360177;479728;527875;733579
512,1024,25,,0.624,0.3,0.004,12.0,0.12,100,0.0,,,,,,,15,15,output,100805;105469;130471;135135;143455;145992;153768;159302;167029;167815;286038;360177;479728;527875;733579
1024,512,25,,0.624,0.3,0.004,12.0,0.12,100,0.0,,,,,,,15,15,output,100805;105469;130471;135135;143455;145992;153768;159302;167029;167815;286038;360177;479728;527875;733579
512,512,25,100000.0,0.624,0.4,0.004,12.0,0.12,100,0.0,2.0,6.0,,,,,15,15,output_nm,100805;105469;130471;135135;143455;145992;153768;159302;167029;167815;286038;360177;479728;527875;733579
512,512,25,10000.0,0.624,0.5,0.004,12.0,0.12,100,0.0,2.0,6.0,,,,,15,15,output_nm,100805;105469;130471;135135;143455;145992;153768;159302;167029;167815;286038;360177;479728;527875;733579
512,512,25,100000.0,0.624,0.5,0.004,12.0,0.12,100,0.0,2.0,6.0,,,,,15,15,output_nm,100805;105469;130471;135135;143455;145992;153768;159302;167029;167815;286038;360177;479728;527875;733579
512,512,25,100000.0,0.624,0.6,0.004,12.0,0.12,100,0.0,2.0,6.0,,,,,15,15,output_nm,100805;105469;130471;135135;143455;145992;153768;159302;167029;167815;286038;360177;479728;527875;733579
512,512,25,100000.0,0.624,0.7,0.004,12.0,0.12,100,0.0,2.0,6.0,,,,,15,15,output_nm,100805;105469;130471;135135;143455;145992;153768;159302;167029;167815;286038;360177;479728;527875;733579
512,512,25,100000.0,0.624,0.8,0.004,12.0,0.12,100,0.0,2.0,6.0,,,,,15,15,output_nm,100805;105469;130471;135135;143455;145992;153768;159302;167029;167815;286038;360177;479728;527875;733579
128,512,25,,0.624,0.9,0.004,12.0,0.12,100,0.0,,,,,,,15,15,output,100805;105469;130471;135135;143455;145992;153768;159302;167029;167815;286038;360177;479728;527875;733579
128,512,25,5000.0,0.624,0.9,0.004,12.0,0.12,100,0.0,3.0,6.0,,,,,15,15,output_nm,100805;105469;130471;135135;143455;145992;153768;159302;167029;167815;286038;360177;479728;527875;733579
128,512,25,10000.0,0.624,0.9,0.004,12.0,0.12,100,0.0,2.0,,,,,,15,15,output_nm,100805;105469;130471;135135;143455;145992;153768;159302;167029;167815;286038;360177;479728;527875;733579
128,512,25,10000.0,0.624,0.9,0.004,12.0,0.12,100,0.0,3.0,,,,,,15,15,output_nm,100805;105469;130471;135135;143455;145992;153768;159302;167029;167815;286038;360177;479728;527875;733579
128,512,25,50000.0,0.624,0.9,0.004,12.0,0.12,100,0.0,3.0,6.0,,,,,15,15,output_nm,100805;105469;130471;135135;143455;145992;153768;159302;167029;167815;286038;360177;479728;527875;733579
128,512,25,100000.0,0.624,0.9,0.004,12.0,0.12,100,0.0,2.0,1.0,,,,,15,15,output_nm,100805;105469;130471;135135;143455;145992;153768;159302;167029;167815;286038;360177;479728;527875;733579
128,512,25,100000.0,0.624,0.9,0.004,12.0,0.12,100,0.0,2.0,2.0,,,,,15,15,output_nm,100805;105469;130471;135135;143455;145992;153768;159302;167029;167815;286038;360177;479728;527875;733579
128,512,25,100000.0,0.624,0.9,0.004,12.0,0.12,100,0.0,2.0,3.0,,,,,15,15,output_nm,100805;105469;130471;135135;143455;145992;153768;159302;167029;167815;286038;360177;479728;527875;733579
256,512,25,,0.624,0.9,0.004,12.0,0.12,100,0.0,,,,,,,15,15,output,100805;105469;130471;135135;143455;145992;153768;159302;167029;167815;286038;360177;479728;527875;733579
256,512,25,5000.0,0.624,0.9,0.004,12.0,0.12,100,0.0,3.0,6.0,,,,,15,15,output_nm,100805;105469;130471;135135;143455;145992;153768;159302;167029;167815;286038;360177;479728;527875;733579
256,512,25,10000.0,0.624,0.9,0.004,12.0,0.12,100,0.0,2.0,,,,,,15,15,output_nm,100805;105469;130471;135135;143455;145992;153768;159302;167029;167815;286038;360177;479728;527875;733579
256,512,25,10000.0,0.624,0.9,0.004,12.0,0.12,100,0.0,3.0,,,,,,15,15,output_nm,100805;105469;130471;135135;143455;145992;153768;159302;167029;167815;286038;360177;479728;527875;733579
256,512,25,50000.0,0.624,0.9,0.004,12.0,0.12,100,0.0,3.0,6.0,,,,,15,15,output_nm,100805;105469;130471;135135;143455;145992;153768;159302;167029;167815;286038;360177;479728;527875;733579
512,32,64,88480.0,0.624,0.9,0.004,12.0,0.12,100,0.0,2.0,6.0,,,,,15,15,output_nm,100805;105469;130471;135135;143455;145992;153768;159302;167029;167815;286038;360177;479728;527875;733579
512,64,64,250000.0,0.624,0.9,0.004,12.0,0.12,100,0.0,2.0,6.0,,,,,15,15,output_nm,100805;105469;130471;135135;143455;145992;153768;159302;167029;167815;286038;360177;479728;527875;733579
512,128,25,,0.624,0.9,0.004,12.0,0.12,100,0.0,,,,,,,15,15,output,100805;105469;130471;135135;143455;145992;153768;159302;167029;167815;286038;360177;479728;527875;733579
512,128,64,250000.0,0.624,0.9,0.004,12.0,0.12,100,0.0,2.0,6.0,,,,,15,15,output_nm,100805;105469;130471;135135;143455;145992;153768;159302;167029;167815;286038;360177;479728;527875;733579
512,128,64,350000.0,0.624,0.9,0.004,12.0,0.12,100,0.0,2.0,6.0,,,,,15,15,output_nm,100805;105469;130471;135135;143455;145992;153768;159302;167029;167815;286038;360177;479728;527875;733579
512,128,64,353910.0,0.624,0.9,0.004,12.0,0.12,100,0.0,2.0,6.0,,,,,10,10,output_nm,100805;105469;130471;135135;143455;145992;153768;159302;167029;167815
512,256,25,,0.624,0.9,0.004,12.0,0.12,100,0.0,,,,,,,15,15,output,100805;105469;130471;135135;143455;145992;153768;159302;167029;167815;286038;360177;479728;527875;733579
512,256,64,250000.0,0.624,0.9,0.004,12.0,0.12,100,0.0,2.0,6.0,,,,,15,15,output_nm,100805;105469;130471;135135;143455;145992;153768;159302;167029;167815;286038;360177;479728;527875;733579
512,256,64,700000.0,0.624,0.9,0.004,12.0,0.12,100,0.0,2.0,6.0,,,,,15,15,output_nm,100805;105469;130471;135135;143455;145992;153768;159302;167029;167815;286038;360177;479728;527875;733579
512,512,25,,0.624,0.9,0.004,12.0,0.12,100,0.0,,,,,,,45,30,output;output_no_pairs,100805;105469;105648;130471;135135;143455;145992;153768;159302;167029;167815;238461;274935;286038;352871;360177;394826;479728;496023;512837;527875;591734;648219;689421;723546;733579;745198;817354;893274;902156
512,512,25,1000.0,0.624,0.9,0.004,12.0,0.12,100,0.0,2.0,6.0,,,,,15,15,output_nm,100805;105469;130471;135135;143455;145992;153768;159302;167029;167815;286038;360177;479728;527875;733579
512,512,25,5000.0,0.624,0.9,0.004,12.0,0.12,100,0.0,2.0,6.0,,,,,15,15,output_nm,100805;105469;130471;135135;143455;145992;153768;159302;167029;167815;286038;360177;479728;527875;733579
512,512,25,5000.0,0.624,0.9,0.004,12.0,0.12,100,0.0,3.0,6.0,,,,,11,11,output_nm,100805;135135;143455;145992;153768;167815;286038;360177;479728;527875;733579
512,512,25,10000.0,0.624,0.9,0.004,12.0,0.12,100,0.0,2.0,2.0,,,,,15,15,output_nm,100805;105469;130471;135135;143455;145992;153768;159302;167029;167815;286038;360177;479728;527875;733579
512,512,25,10000.0,0.624,0.9,0.004,12.0,0.12,100,0.0,2.0,3.0,,,,,15,15,output_nm,100805;105469;130471;135135;143455;145992;153768;159302;167029;167815;286038;360177;479728;527875;733579
512,512,25,10000.0,0.624,0.9,0.004,12.0,0.12,100,0.0,2.0,,20.0,20.0,3.5,,15,15,output_nm,100805;105469;130471;135135;143455;145992;153768;159302;167029;167815;286038;360177;479728;527875;733579
512,512,25,10000.0,0.624,0.9,0.004,12.0,0.12,100,0.0,2.0,,30.0,30.0,5.0,,15,15,output_nm,100805;105469;130471;135135;143455;145992;153768;159302;167029;167815;286038;360177;479728;527875;733579
512,512,25,10000.0,0.624,0.9,0.004,12.0,0.12,100,0.0,2.0,,40.0,40.0,7.0,,15,15,output_nm,100805;105469;130471;135135;143455;145992;153768;159302;167029;167815;286038;360177;479728;527875;733579
512,512,25,10000.0,0.624,0.9,0.004,12.0,0.12,100,0.0,2.0,,,,,,15,15,output_nm,100805;105469;130471;135135;143455;145992;153768;159302;167029;167815;286038;360177;479728;527875;733579
512,512,25,10000.0,0.624,0.9,0.004,12.0,0.12,100,0.0,3.0,,,,,,15,15,output_nm,100805;105469;130471;135135;143455;145992;153768;159302;167029;167815;286038;360177;479728;527875;733579
512,512,25,50000.0,0.624,0.9,0.004,12.0,0.12,100,0.0,2.0,6.0,,,,,15,15,output_nm,100805;105469;130471;135135;143455;145992;153768;159302;167029;167815;286038;360177;479728;527875;733579
512,512,25,100000.0,0.624,0.9,0.004,12.0,0.12,100,0.0,2.0,1.0,,,,,15,15,output_nm,100805;105469;130471;135135;143455;145992;153768;159302;167029;167815;286038;360177;479728;527875;733579
512,512,25,100000.0,0.624,0.9,0.004,12.0,0.12,100,0.0,2.0,2.0,,,,,15,15,output_nm,100805;105469;130471;135135;143455;145992;153768;159302;167029;167815;286038;360177;479728;527875;733579
512,512,25,100000.0,0.624,0.9,0.004,12.0,0.12,100,0.0,2.0,3.0,,,,,15,15,output_nm,100805;105469;130471;135135;143455;145992;153768;159302;167029;167815;286038;360177;479728;527875;733579
512,512,25,100000.0,0.624,0.9,0.004,12.0,0.12,100,0.0,2.0,6.0,,,,,15,15,output_nm,100805;105469;130471;135135;143455;145992;153768;159302;167029;167815;286038;360177;479728;527875;733579
512,512,25,1000000.0,0.624,0.9,0.004,12.0,0.12,100,0.0,2.0,6.0,,,,,15,15,output_nm,100805;105469;130471;135135;143455;145992;153768;159302;167029;167815;286038;360177;479728;527875;733579
512,512,64,50000.0,0.624,0.9,0.004,12.0,0.12,100,0.0,2.0,6.0,,,,,15,15,output_nm,100805;105469;130471;135135;143455;145992;153768;159302;167029;167815;286038;360177;479728;527875;733579
512,512,64,100000.0,0.624,0.9,0.004,12.0,0.12,100,0.0,2.0,6.0,,,,,15,15,output_nm,100805;105469;130471;135135;143455;145992;153768;159302;167029;167815;286038;360177;479728;527875;733579
512,512,64,250000.0,0.624,0.9,0.004,12.0,0.12,100,0.0,2.0,6.0,,,,,15,15,output_nm,100805;105469;130471;135135;143455;145992;153768;159302;167029;167815;286038;360177;479728;527875;733579
512,512,64,500000.0,0.624,0.9,0.004,12.0,0.12,100,0.0,2.0,6.0,,,,,15,15,output_nm,100805;105469;130471;135135;143455;145992;153768;159302;167029;167815;286038;360177;479728;527875;733579
512,512,64,1000000.0,0.624,0.9,0.004,12.0,0.12,100,0.0,2.0,6.0,,,,,15,15,output_nm,100805;105469;130471;135135;143455;145992;153768;159302;167029;167815;286038;360177;479728;527875;733579
512,512,64,1400000.0,0.624,0.9,0.004,12.0,0.12,100,0.0,2.0,6.0,,,,,13,13,output_nm,130471;135135;143455;145992;153768;159302;167029;167815;286038;360177;479728;527875;733579
512,512,64,2500000.0,0.624,0.9,0.004,12.0,0.12,100,0.0,2.0,6.0,,,,,15,15,output_nm,100805;105469;130471;135135;143455;145992;153768;159302;167029;167815;286038;360177;479728;527875;733579
512,512,64,5000000.0,0.624,0.9,0.004,12.0,0.12,100,0.0,2.0,6.0,,,,,15,15,output_nm,100805;105469;130471;135135;143455;145992;153768;159302;167029;167815;286038;360177;479728;527875;733579
512,1024,25,,0.624,0.9,0.004,12.0,0.12,100,0.0,,,,,,,15,15,output,100805;105469;130471;135135;143455;145992;153768;159302;167029;167815;286038;360177;479728;527875;733579
512,1024,25,10000.0,0.624,0.9,0.004,12.0,0.12,100,0.0,2.0,,,,,,15,15,output_nm,100805;105469;130471;135135;143455;145992;153768;159302;167029;167815;286038;360177;479728;527875;733579
512,1024,64,250000.0,0.624,0.9,0.004,12.0,0.12,100,0.0,2.0,6.0,,,,,15,15,output_nm,100805;105469;130471;135135;143455;145992;153768;159302;167029;167815;286038;360177;479728;527875;733579
512,1024,64,420000.0,0.624,0.9,0.004,12.0,0.12,100,0.0,2.0,6.0,,,,,6,6,output_nm,135135;143455;145992;153768;159302;167029
512,1024,64,2831000.0,0.624,0.9,0.004,12.0,0.12,100,0.0,2.0,6.0,,,,,15,15,output_nm,100805;105469;130471;135135;143455;145992;153768;159302;167029;167815;286038;360177;479728;527875;733579
768,768,25,10000.0,0.624,0.9,0.004,12.0,0.12,100,0.0,2.0,,30.0,30.0,3.5,7.0,15,15,output_nm,100805;105469;130471;135135;143455;145992;153768;159302;167029;167815;286038;360177;479728;527875;733579
768,768,36,10000.0,0.624,0.9,0.004,12.0,0.12,100,0.0,2.0,,30.0,30.0,5.0,,15,15,output_nm,100805;105469;130471;135135;143455;145992;153768;159302;167029;167815;286038;360177;479728;527875;733579
1024,512,25,,0.624,0.9,0.004,12.0,0.12,100,0.0,,,,,,,15,15,output,100805;105469;130471;135135;143455;145992;153768;159302;167029;167815;286038;360177;479728;527875;733579
1024,512,25,10000.0,0.624,0.9,0.004,12.0,0.12,100,0.0,2.0,,,,,,15,15,output_nm,100805;105469;130471;135135;143455;145992;153768;159302;167029;167815;286038;360177;479728;527875;733579
1024,512,25,100000.0,0.624,0.9,0.004,12.0,0.12,100,0.0,2.0,1.0,,,,,15,15,output_nm,100805;105469;130471;135135;143455;145992;153768;159302;167029;167815;286038;360177;479728;527875;733579
1024,512,25,100000.0,0.624,0.9,0.004,12.0,0.12,100,0.0,2.0,2.0,,,,,15,15,output_nm,100805;105469;130471;135135;143455;145992;153768;159302;167029;167815;286038;360177;479728;527875;733579
1024,512,25,100000.0,0.624,0.9,0.004,12.0,0.12,100,0.0,2.0,3.0,,,,,15,15,output_nm,100805;105469;130471;135135;143455;145992;153768;159302;167029;167815;286038;360177;479728;527875;733579
1024,1024,25,10000.0,0.624,0.9,0.004,12.0,0.12,100,0.0,2.0,,40.0,40.0,3.5,7.0,9,9,output_nm,100805;135135;143455;145992;286038;360177;479728;527875;733579
1024,1024,50,10000.0,0.624,0.9,0.004,12.0,0.12,100,0.0,2.0,,40.0,40.0,7.0,,15,15,output_nm,100805;105469;130471;135135;143455;145992;153768;159302;167029;167815;286038;360177;479728;527875;733579
512,512,25,,0.624,1.0,0.004,12.0,0.12,100,0.0,,,,,,,15,15,output,100805;105469;130471;135135;143455;145992;153768;159302;167029;167815;286038;360177;479728;527875;733579
512,512,25,,0.624,1.0,0.004,12.0,0.12,100,0.1401,,,,,,,15,15,output,100805;105469;130471;135135;143455;145992;153768;159302;167029;167815;286038;360177;479728;527875;733579
512,512,25,,0.624,1.0,0.004,12.0,0.12,100,0.4203,,,,,,,15,15,output,100805;105469;130471;135135;143455;145992;153768;159302;167029;167815;286038;360177;479728;527875;733579
512,512,25,,0.624,1.0,0.004,12.0,0.12,100,0.7005,,,,,,,15,15,output,100805;105469;130471;135135;143455;145992;153768;159302;167029;167815;286038;360177;479728;527875;733579
512,512,25,,0.624,1.0,0.004,12.0,0.12,100,1.401,,,,,,,15,15,output,100805;105469;130471;135135;143455;145992;153768;159302;167029;167815;286038;360177;479728;527875;733579
512,512,25,,0.624,1.0,0.004,12.0,0.12,100,2.1015,,,,,,,15,15,output,100805;105469;130471;135135;143455;145992;153768;159302;167029;167815;286038;360177;479728;527875;733579
512,512,25,,0.624,1.0,0.004,12.0,0.12,100,2.802,,,,,,,15,15,output,100805;105469;130471;135135;143455;145992;153768;159302;167029;167815;286038;360177;479728;527875;733579
512,512,25,,0.624,0.1,0.005,12.0,0.12,100,0.0,,,,,,,10,10,output,145992;153768;159302;167029;167815;286038;360177;479728;527875;733579
512,512,25,,0.624,0.1,0.005,12.0,0.12,100,0.01566140147,,,,,,,10,10,output,145992;153768;159302;167029;167815;286038;360177;479728;527875;733579
512,512,25,,0.624,0.1,0.005,12.0,0.12,100,0.1566140147,,,,,,,10,10,output,145992;153768;159302;167029;167815;286038;360177;479728;527875;733579
512,512,25,,0.624,0.1,0.005,12.0,0.12,100,1.566140147,,,,,,,10,10,output,145992;153768;159302;167029;167815;286038;360177;479728;527875;733579
512,512,25,,0.624,0.3,0.005,12.0,0.12,100,0.0,,,,,,,10,10,output,145992;153768;159302;167029;167815;286038;360177;479728;527875;733579
512,512,25,,0.624,0.3,0.005,12.0,0.12,100,0.01566140147,,,,,,,10,10,output,145992;153768;159302;167029;167815;286038;360177;479728;527875;733579
512,512,25,,0.624,0.3,0.005,12.0,0.12,100,0.1566140147,,,,,,,10,10,output,145992;153768;159302;167029;167815;286038;360177;479728;527875;733579
512,512,25,,0.624,0.3,0.005,12.0,0.12,100,1.566140147,,,,,,,10,10,output,145992;153768;159302;167029;167815;286038;360177;479728;527875;733579
512,512,25,,0.624,1.0,0.005,12.0,0.12,100,0.0,,,,,,,15,15,output,100805;105469;130471;135135;143455;145992;153768;159302;167029;167815;286038;360177;479728;527875;733579
512,512,25,,0.624,1.0,0.005,12.0,0.12,100,0.1556,,,,,,,15,15,output,100805;105469;130471;135135;143455;145992;153768;159302;167029;167815;286038;360177;479728;527875;733579
512,512,25,,0.624,1.0,0.005,12.0,0.12,100,0.4668,,,,,,,15,15,output,100805;105469;130471;135135;143455;145992;153768;159302;167029;167815;286038;360177;479728;527875;733579
512,512,25,,0.624,1.0,0.005,12.0,0.12,100,0.778,,,,,,,15,15,output,100805;105469;130471;135135;143455;145992;153768;159302;167029;167815;286038;360177;479728;527875;733579
512,512,25,,0.624,1.0,0.005,12.0,0.12,100,1.556,,,,,,,15,15,output,100805;105469;130471;135135;143455;145992;153768;159302;167029;167815;286038;360177;479728;527875;733579
512,512,25,,0.624,1.0,0.005,12.0,0.12,100,2.334,,,,,,,15,15,output,100805;105469;130471;135135;143455;145992;153768;159302;167029;167815;286038;360177;479728;527875;733579
512,512,25,,0.624,1.0,0.005,12.0,0.12,100,3.112,,,,,,,15,15,output,100805;105469;130471;135135;143455;145992;153768;159302;167029;167815;286038;360177;479728;527875;733579
512,512,25,,0.624,0.1,0.006,12.0,0.12,100,0.0,,,,,,,18,18,output,100805;105469;130471;135135;143455;145992;153768;159302;167029;167815;286038;360177;479728;527875;689421;733579;745198;893274
512,512,25,10000.0,0.624,0.1,0.006,12.0,0.12,100,0.0,2.0,6.0,,,,,15,15,output_nm,100805;105469;130471;135135;143455;145992;153768;159302;167029;167815;286038;360177;479728;527875;733579
512,512,25,100000.0,0.624,0.15,0.006,12.0,0.12,100,0.0,2.0,6.0,,,,,15,15,output_nm,100805;105469;130471;135135;143455;145992;153768;159302;167029;167815;286038;360177;479728;527875;733579
512,512,25,,0.624,0.2,0.006,12.0,0.12,100,0.0,,,,,,,21,21,output,100805;105469;130471;135135;143455;145992;153768;159302;167029;167815;238461;286038;360177;394826;479728;527875;591734;648219;723546;733579;817354
512,512,25,100000.0,0.624,0.2,0.006,12.0,0.12,100,0.0,2.0,6.0,,,,,15,15,output_nm,100805;105469;130471;135135;143455;145992;153768;159302;167029;167815;286038;360177;479728;527875;733579
128,512,25,,0.624,0.3,0.006,12.0,0.12,100,0.0,,,,,,,15,15,output,100805;105469;130471;135135;143455;145992;153768;159302;167029;167815;286038;360177;479728;527875;733579
256,512,25,,0.624,0.3,0.006,12.0,0.12,100,0.0,,,,,,,15,15,output,100805;105469;130471;135135;143455;145992;153768;159302;167029;167815;286038;360177;479728;527875;733579
512,128,25,,0.624,0.3,0.006,12.0,0.12,100,0.0,,,,,,,15,15,output,100805;105469;130471;135135;143455;145992;153768;159302;167029;167815;286038;360177;479728;527875;733579
512,256,25,,0.624,0.3,0.006,12.0,0.12,100,0.0,,,,,,,15,15,output,100805;105469;130471;135135;143455;145992;153768;159302;167029;167815;286038;360177;479728;527875;733579
512,512,25,,0.624,0.3,0.006,12.0,0.12,100,0.0,,,,,,,15,15,output,100805;105469;130471;135135;143455;145992;153768;159302;167029;167815;286038;360177;479728;527875;733579
512,512,25,100000.0,0.624,0.3,0.006,12.0,0.12,100,0.0,2.0,6.0,,,,,15,15,output_nm,100805;105469;130471;135135;143455;145992;153768;159302;167029;167815;286038;360177;479728;527875;733579
512,1024,25,,0.624,0.3,0.006,12.0,0.12,100,0.0,,,,,,,15,15,output,100805;105469;130471;135135;143455;145992;153768;159302;167029;167815;286038;360177;479728;527875;733579
1024,512,25,,0.624,0.3,0.006,12.0,0.12,100,0.0,,,,,,,15,15,output,100805;105469;130471;135135;143455;145992;153768;159302;167029;167815;286038;360177;479728;527875;733579
512,512,25,100000.0,0.624,0.4,0.006,12.0,0.12,100,0.0,2.0,6.0,,,,,15,15,output_nm,100805;105469;130471;135135;143455;145992;153768;159302;167029;167815;286038;360177;479728;527875;733579
512,512,25,10000.0,0.624,0.5,0.006,12.0,0.12,100,0.0,2.0,6.0,,,,,15,15,output_nm,100805;105469;130471;135135;143455;145992;153768;159302;167029;167815;286038;360177;479728;527875;733579
512,512,25,100000.0,0.624,0.5,0.006,12.0,0.12,100,0.0,2.0,6.0,,,,,15,15,output_nm,100805;105469;130471;135135;143455;145992;153768;159302;167029;167815;286038;360177;479728;527875;733579
512,512,25,100000.0,0.624,0.6,0.006,12.0,0.12,100,0.0,2.0,6.0,,,,,15,15,output_nm,100805;105469;130471;135135;143455;145992;153768;159302;167029;167815;286038;360177;479728;527875;733579
512,512,25,100000.0,0.624,0.7,0.006,12.0,0.12,100,0.0,2.0,6.0,,,,,15,15,output_nm,100805;105469;130471;135135;143455;145992;153768;159302;167029;167815;286038;360177;479728;527875;733579
512,512,25,100000.0,0.624,0.8,0.006,12.0,0.12,100,0.0,2.0,6.0,,,,,15,15,output_nm,100805;105469;130471;135135;143455;145992;153768;159302;167029;167815;286038;360177;479728;527875;733579
128,512,25,,0.624,0.9,0.006,12.0,0.12,100,0.0,,,,,,,15,15,output,100805;105469;130471;135135;143455;145992;153768;159302;167029;167815;286038;360177;479728;527875;733579
128,512,25,10000.0,0.624,0.9,0.006,12.0,0.12,100,0.0,2.0,,,,,,15,15,output_nm,100805;105469;130471;135135;143455;145992;153768;159302;167029;167815;286038;360177;479728;527875;733579
128,512,25,10000.0,0.624,0.9,0.006,12.0,0.12,100,0.0,3.0,,,,,,15,15,output_nm,100805;105469;130471;135135;143455;145992;153768;159302;167029;167815;286038;360177;479728;527875;733579
256,512,25,,0.624,0.9,0.006,12.0,0.12,100,0.0,,,,,,,15,15,output,100805;105469;130471;135135;143455;145992;153768;159302;167029;167815;286038;360177;479728;527875;733579
256,512,25,10000.0,0.624,0.9,0.006,12.0,0.12,100,0.0,2.0,,,,,,15,15,output_nm,100805;105469;130471;135135;143455;145992;153768;159302;167029;167815;286038;360177;479728;527875;733579
256,512,25,10000.0,0.624,0.9,0.006,12.0,0.12,100,0.0,3.0,,,,,,15,15,output_nm,100805;105469;130471;135135;143455;145992;153768;159302;167029;167815;286038;360177;479728;527875;733579
512,128,25,,0.624,0.9,0.006,12.0,0.12,100,0.0,,,,,,,15,15,output,100805;105469;130471;135135;143455;145992;153768;159302;167029;167815;286038;360177;479728;527875;733579
512,256,25,,0.624,0.9,0.006,12.0,0.12,100,0.0,,,,,,,15,15,output,100805;105469;130471;135135;143455;145992;153768;159302;167029;167815;286038;360177;479728;527875;733579
512,512,25,,0.624,0.9,0.006,12.0,0.12,100,0.0,,,,,,,45,30,output;output_no_pairs,100805;105469;105648;130471;135135;143455;145992;153768;159302;167029;167815;238461;274935;286038;352871;360177;394826;479728;496023;512837;527875;591734;648219;689421;723546;733579;745198;817354;893274;902156
512,512,25,1000.0,0.624,0.9,0.006,12.0,0.12,100,0.0,2.0,6.0,,,,,15,15,output_nm,100805;105469;130471;135135;143455;145992;153768;159302;167029;167815;286038;360177;479728;527875;733579
512,512,25,5000.0,0.624,0.9,0.006,12.0,0.12,100,0.0,2.0,6.0,,,,,15,15,output_nm,100805;105469;130471;135135;143455;145992;153768;159302;167029;167815;286038;360177;479728;527875;733579
512,512,25,10000.0,0.624,0.9,0.006,12.0,0.12,100,0.0,2.0,2.0,,,,,15,15,output_nm,100805;105469;130471;135135;143455;145992;153768;159302;167029;167815;286038;360177;479728;527875;733579
512,512,25,10000.0,0.624,0.9,0.006,12.0,0.12,100,0.0,2.0,3.0,,,,,15,15,output_nm,100805;105469;130471;135135;143455;145992;153768;159302;167029;167815;286038;360177;479728;527875;733579
512,512,25,10000.0,0.624,0.9,0.006,12.0,0.12,100,0.0,2.0,,20.0,20.0,3.5,,15,15,output_nm,100805;105469;130471;135135;143455;145992;153768;159302;167029;167815;286038;360177;479728;527875;733579
512,512,25,10000.0,0.624,0.9,0.006,12.0,0.12,100,0.0,2.0,,30.0,30.0,5.0,,15,15,output_nm,100805;105469;130471;135135;143455;145992;153768;159302;167029;167815;286038;360177;479728;527875;733579
512,512,25,10000.0,0.624,0.9,0.006,12.0,0.12,100,0.0,2.0,,40.0,40.0,7.0,,15,15,output_nm,100805;105469;130471;135135;143455;145992;153768;159302;167029;167815;286038;360177;479728;527875;733579
512,512,25,10000.0,0.624,0.9,0.006,12.0,0.12,100,0.0,2.0,,,,,,15,15,output_nm,100805;105469;130471;135135;143455;145992;153768;159302;167029;167815;286038;360177;479728;527875;733579
512,512,25,10000.0,0.624,0.9,0.006,12.0,0.12,100,0.0,3.0,,,,,,15,15,output_nm,100805;105469;130471;135135;143455;145992;153768;159302;167029;167815;286038;360177;479728;527875;733579
512,512,25,50000.0,0.624,0.9,0.006,12.0,0.12,100,0.0,2.0,6.0,,,,,15,15,output_nm,100805;105469;130471;135135;143455;145992;153768;159302;167029;167815;286038;360177;479728;527875;733579
512,512,25,100000.0,0.624,0.9,0.006,12.0,0.12,100,0.0,2.0,1.0,,,,,15,15,output_nm,100805;105469;130471;135135;143455;145992;153768;159302;167029;167815;286038;360177;479728;527875;733579
512,512,25,100000.0,0.624,0.9,0.006,12.0,0.12,100,0.0,2.0,2.0,,,,,15,15,output_nm,100805;105469;130471;135135;143455;145992;153768;159302;167029;167815;286038;360177;479728;527875;733579
512,512,25,100000.0,0.624,0.9,0.006,12.0,0.12,100,0.0,2.0,3.0,,,,,15,15,output_nm,100805;105469;130471;135135;143455;145992;153768;159302;167029;167815;286038;360177;479728;527875;733579
512,512,25,100000.0,0.624,0.9,0.006,12.0,0.12,100,0.0,2.0,6.0,,,,,15,15,output_nm,100805;105469;130471;135135;143455;145992;153768;159302;167029;167815;286038;360177;479728;527875;733579
512,512,25,1000000.0,0.624,0.9,0.006,12.0,0.12,100,0.0,2.0,6.0,,,,,15,15,output_nm,100805;105469;130471;135135;143455;145992;153768;159302;167029;167815;286038;360177;479728;527875;733579
512,1024,25,,0.624,0.9,0.006,12.0,0.12,100,0.0,,,,,,,15,15,output,100805;105469;130471;135135;143455;145992;153768;159302;167029;167815;286038;360177;479728;527875;733579
512,1024,25,10000.0,0.624,0.9,0.006,12.0,0.12,100,0.0,2.0,,,,,,15,15,output_nm,100805;105469;130471;135135;143455;145992;153768;159302;167029;167815;286038;360177;479728;527875;733579
768,768,25,10000.0,0.624,0.9,0.006,12.0,0.12,100,0.0,2.0,,30.0,30.0,3.5,7.0,15,15,output_nm,100805;105469;130471;135135;143455;145992;153768;159302;167029;167815;286038;360177;479728;527875;733579
768,768,36,10000.0,0.624,0.9,0.006,12.0,0.12,100,0.0,2.0,,30.0,30.0,5.0,,15,15,output_nm,100805;105469;130471;135135;143455;145992;153768;159302;167029;167815;286038;360177;479728;527875;733579
1024,512,25,,0.624,0.9,0.006,12.0,0.12,100,0.0,,,,,,,15,15,output,100805;105469;130471;135135;143455;145992;153768;159302;167029;167815;286038;360177;479728;527875;733579
1024,512,25,10000.0,0.624,0.9,0.006,12.0,0.12,100,0.0,2.0,,,,,,15,15,output_nm,100805;105469;130471;135135;143455;145992;153768;159302;167029;167815;286038;360177;479728;527875;733579
1024,1024,25,10000.0,0.624,0.9,0.006,12.0,0.12,100,0.0,2.0,,40.0,40.0,3.5,7.0,9,9,output_nm,100805;135135;143455;145992;286038;360177;479728;527875;733579
1024,1024,50,10000.0,0.624,0.9,0.006,12.0,0.12,100,0.0,2.0,,40.0,40.0,7.0,,14,14,output_nm,100805;105469;130471;143455;145992;153768;159302;167029;167815;286038;360177;479728;527875;733579
512,512,25,,0.624,1.0,0.006,12.0,0.12,100,0.0,,,,,,,15,15,output,100805;105469;130471;135135;143455;145992;153768;159302;167029;167815;286038;360177;479728;527875;733579
512,512,25,,0.624,1.0,0.006,12.0,0.12,100,0.1716,,,,,,,15,15,output,100805;105469;130471;135135;143455;145992;153768;159302;167029;167815;286038;360177;479728;527875;733579
512,512,25,,0.624,1.0,0.006,12.0,0.12,100,0.5148,,,,,,,15,15,output,100805;105469;130471;135135;143455;145992;153768;159302;167029;167815;286038;360177;479728;527875;733579
512,512,25,,0.624,1.0,0.006,12.0,0.12,100,0.858,,,,,,,15,15,output,100805;105469;130471;135135;143455;145992;153768;159302;167029;167815;286038;360177;479728;527875;733579
512,512,25,,0.624,1.0,0.006,12.0,0.12,100,1.716,,,,,,,15,15,output,100805;105469;130471;135135;143455;145992;153768;159302;167029;167815;286038;360177;479728;527875;733579
512,512,25,,0.624,1.0,0.006,12.0,0.12,100,2.574,,,,,,,15,15,output,100805;105469;130471;135135;143455;145992;153768;159302;167029;167815;286038;360177;479728;527875;733579
512,512,25,,0.624,1.0,0.006,12.0,0.12,100,3.432,,,,,,,15,15,output,100805;105469;130471;135135;143455;145992;153768;159302;167029;167815;286038;360177;479728;527875;733579
128,512,25,,0.624,0.1,0.008,12.0,0.12,100,0.0,,,,,,,15,15,output,100805;105469;130471;135135;143455;145992;153768;159302;167029;167815;286038;360177;479728;527875;733579
256,512,25,,0.624,0.1,0.008,12.0,0.12,100,0.0,,,,,,,15,15,output,100805;105469;130471;135135;143455;145992;153768;159302;167029;167815;286038;360177;479728;527875;733579
512,128,25,,0.624,0.1,0.008,12.0,0.12,100,0.0,,,,,,,15,15,output,100805;105469;130471;135135;143455;145992;153768;159302;167029;167815;286038;360177;479728;527875;733579
512,256,25,,0.624,0.1,0.008,12.0,0.12,100,0.0,,,,,,,15,15,output,100805;105469;130471;135135;143455;145992;153768;159302;167029;167815;286038;360177;479728;527875;733579
512,512,8,100.0,0.624,0.1,0.008,12.0,0.12,100,0.0,,,,,,,15,15,output_nm,100805;105469;130471;135135;143455;145992;153768;159302;167029;167815;286038;360177;479728;527875;733579
512,512,8,500.0,0.624,0.1,0.008,12.0,0.12,100,0.0,,,,,,,15,15,output_nm,100805;105469;130471;135135;143455;145992;153768;159302;167029;167815;286038;360177;479728;527875;733579
512,512,16,1000.0,0.624,0.1,0.008,12.0,0.12,100,0.0,,,,,,,15,15,output_nm,100805;105469;130471;135135;143455;145992;153768;159302;167029;167815;286038;360177;479728;527875;733579
512,512,16,5000.0,0.624,0.1,0.008,12.0,0.12,100,0.0,,,,,,,15,15,output_nm,100805;105469;130471;135135;143455;145992;153768;159302;167029;167815;286038;360177;479728;527875;733579
512,512,25,,0.624,0.1,0.008,12.0,0.12,100,0.0,,,,,,,33,18,output;output_no_pairs,100805;105469;130471;135135;143455;145992;153768;159302;167029;167815;286038;360177;479728;527875;689421;733579;745198;893274
512,512,25,10000.0,0.624,0.1,0.008,12.0,0.12,100,0.0,2.0,6.0,,,,,15,15,output_nm,100805;105469;130471;135135;143455;145992;153768;159302;167029;167815;286038;360177;479728;527875;733579
512,512,32,1000.0,0.624,0.1,0.008,12.0,0.12,100,0.0,,,,,,,15,15,output_nm,100805;105469;130471;135135;143455;145992;153768;159302;167029;167815;286038;360177;479728;527875;733579
512,512,32,5000.0,0.624,0.1,0.008,12.0,0.12,100,0.0,,,,,,,15,15,output_nm,100805;105469;130471;135135;143455;145992;153768;159302;167029;167815;286038;360177;479728;527875;733579
512,512,32,10000.0,0.624,0.1,0.008,12.0,0.12,100,0.0,,,,,,,15,15,output_nm,100805;105469;130471;135135;143455;145992;153768;159302;167029;167815;286038;360177;479728;527875;733579
512,512,64,1000.0,0.624,0.1,0.008,12.0,0.12,100,0.0,,,,,,,15,15,output_nm,100805;105469;130471;135135;143455;145992;153768;159302;167029;167815;286038;360177;479728;527875;733579
512,512,64,5000.0,0.624,0.1,0.008,12.0,0.12,100,0.0,,,,,,,15,15,output_nm,100805;105469;130471;135135;143455;145992;153768;159302;167029;167815;286038;360177;479728;527875;733579
512,512,64,10000.0,0.624,0.1,0.008,12.0,0.12,100,0.0,,,,,,,15,15,output_nm,100805;105469;130471;135135;143455;145992;153768;159302;167029;167815;286038;360177;479728;527875;733579
512,512,64,100000.0,0.624,0.1,0.008,12.0,0.12,100,0.0,,,,,,,15,15,output_nm,100805;105469;130471;135135;143455;145992;153768;159302;167029;167815;286038;360177;479728;527875;733579
512,512,128,5000.0,0.624,0.1,0.008,12.0,0.12,100,0.0,,,,,,,15,15,output_nm,100805;105469;130471;135135;143455;145992;153768;159302;167029;167815;286038;360177;479728;527875;733579
512,512,128,10000.0,0.624,0.1,0.008,12.0,0.12,100,0.0,,,,,,,15,15,output_nm,100805;105469;130471;135135;143455;145992;153768;159302;167029;167815;286038;360177;479728;527875;733579
512,512,128,100000.0,0.624,0.1,0.008,12.0,0.12,100,0.0,,,,,,,15,15,output_nm,100805;105469;130471;135135;143455;145992;153768;159302;167029;167815;286038;360177;479728;527875;733579
512,512,128,1000000.0,0.624,0.1,0.008,12.0,0.12,100,0.0,,,,,,,15,15,output_nm,100805;105469;130471;135135;143455;145992;153768;159302;167029;167815;286038;360177;479728;527875;733579
512,1024,25,,0.624,0.1,0.008,12.0,0.12,100,0.0,,,,,,,15,15,output,100805;105469;130471;135135;143455;145992;153768;159302;167029;167815;286038;360177;479728;527875;733579
1024,512,25,,0.624,0.1,0.008,12.0,0.12,100,0.0,,,,,,,15,15,output,100805;105469;130471;135135;143455;145992;153768;159302;167029;167815;286038;360177;479728;527875;733579
512,512,25,100000.0,0.624,0.15,0.008,12.0,0.12,100,0.0,2.0,6.0,,,,,15,15,output_nm,100805;105469;130471;135135;143455;145992;153768;159302;167029;167815;286038;360177;479728;527875;733579
128,512,25,,0.624,0.2,0.008,12.0,0.12,100,0.0,,,,,,,15,15,output,100805;105469;130471;135135;143455;145992;153768;159302;167029;167815;286038;360177;479728;527875;733579
256,512,25,,0.624,0.2,0.008,12.0,0.12,100,0.0,,,,,,,15,15,output,100805;105469;130471;135135;143455;145992;153768;159302;167029;167815;286038;360177;479728;527875;733579
512,128,25,,0.624,0.2,0.008,12.0,0.12,100,0.0,,,,,,,15,15,output,100805;105469;130471;135135;143455;145992;153768;159302;167029;167815;286038;360177;479728;527875;733579
512,256,25,,0.624,0.2,0.008,12.0,0.12,100,0.0,,,,,,,15,15,output,100805;105469;130471;135135;143455;145992;153768;159302;167029;167815;286038;360177;479728;527875;733579
512,512,25,,0.624,0.2,0.008,12.0,0.12,100,0.0,,,,,,,31,16,output;output_no_pairs,100805;105469;130471;135135;143455;145992;153768;159302;167029;167815;238461;286038;360177;479728;527875;733579
512,512,25,100000.0,0.624,0.2,0.008,12.0,0.12,100,0.0,2.0,6.0,,,,,15,15,output_nm,100805;105469;130471;135135;143455;145992;153768;159302;167029;167815;286038;360177;479728;527875;733579
512,1024,25,,0.624,0.2,0.008,12.0,0.12,100,0.0,,,,,,,15,15,output,100805;105469;130471;135135;143455;145992;153768;159302;167029;167815;286038;360177;479728;527875;733579
1024,512,25,,0.624,0.2,0.008,12.0,0.12,100,0.0,,,,,,,15,15,output,100805;105469;130471;135135;143455;145992;153768;159302;167029;167815;286038;360177;479728;527875;733579
128,512,25,,0.624,0.3,0.008,12.0,0.12,100,0.0,,,,,,,15,15,output,100805;105469;130471;135135;143455;145992;153768;159302;167029;167815;286038;360177;479728;527875;733579
256,512,25,,0.624,0.3,0.008,12.0,0.12,100,0.0,,,,,,,15,15,output,100805;105469;130471;135135;143455;145992;153768;159302;167029;167815;286038;360177;479728;527875;733579
512,128,25,,0.624,0.3,0.008,12.0,0.12,100,0.0,,,,,,,15,15,output,100805;105469;130471;135135;143455;145992;153768;159302;167029;167815;286038;360177;479728;527875;733579
512,256,25,,0.624,0.3,0.008,12.0,0.12,100,0.0,,,,,,,15,15,output,100805;105469;130471;135135;143455;145992;153768;159302;167029;167815;286038;360177;479728;527875;733579
512,512,25,,0.624,0.3,0.008,12.0,0.12,100,0.0,,,,,,,30,15,output;output_no_pairs,100805;105469;130471;135135;143455;145992;153768;159302;167029;167815;286038;360177;479728;527875;733579
512,512,25,100000.0,0.624,0.3,0.008,12.0,0.12,100,0.0,2.0,6.0,,,,,15,15,output_nm,100805;105469;130471;135135;143455;145992;153768;159302;167029;167815;286038;360177;479728;527875;733579
512,1024,25,,0.624,0.3,0.008,12.0,0.12,100,0.0,,,,,,,15,15,output,100805;105469;130471;135135;143455;145992;153768;159302;167029;167815;286038;360177;479728;527875;733579
1024,512,25,,0.624,0.3,0.008,12.0,0.12,100,0.0,,,,,,,15,15,output,100805;105469;130471;135135;143455;145992;153768;159302;167029;167815;286038;360177;479728;527875;733579
512,512,25,100000.0,0.624,0.4,0.008,12.0,0.12,100,0.0,2.0,6.0,,,,,15,15,output_nm,100805;105469;130471;135135;143455;145992;153768;159302;167029;167815;286038;360177;479728;527875;733579
512,512,25,10000.0,0.624,0.5,0.008,12.0,0.12,100,0.0,2.0,6.0,,,,,15,15,output_nm,100805;105469;130471;135135;143455;145992;153768;159302;167029;167815;286038;360177;479728;527875;733579
512,512,25,100000.0,0.624,0.5,0.008,12.0,0.12,100,0.0,2.0,6.0,,,,,15,15,output_nm,100805;105469;130471;135135;143455;145992;153768;159302;167029;167815;286038;360177;479728;527875;733579
512,512,25,100000.0,0.624,0.6,0.008,12.0,0.12,100,0.0,2.0,6.0,,,,,15,15,output_nm,100805;105469;130471;135135;143455;145992;153768;159302;167029;167815;286038;360177;479728;527875;733579
512,512,25,100000.0,0.624,0.7,0.008,12.0,0.12,100,0.0,2.0,6.0,,,,,15,15,output_nm,100805;105469;130471;135135;143455;145992;153768;159302;167029;167815;286038;360177;479728;527875;733579
512,512,25,100000.0,0.624,0.8,0.008,12.0,0.12,100,0.0,2.0,6.0,,,,,15,15,output_nm,100805;105469;130471;135135;143455;145992;153768;159302;167029;167815;286038;360177;479728;527875;733579
16,512,25,100000.0,0.624,0.9,0.008,12.0,0.12,100,0.0,2.0,6.0,,,,,15,15,output_nm,100805;105469;130471;135135;143455;145992;153768;159302;167029;167815;286038;360177;479728;527875;733579
32,512,25,100.0,0.624,0.9,0.008,12.0,0.12,100,0.0,,,,,,,15,15,output_nm,100805;105469;130471;135135;143455;145992;153768;159302;167029;167815;286038;360177;479728;527875;733579
32,512,25,500.0,0.624,0.9,0.008,12.0,0.12,100,0.0,,,,,,,15,15,output_nm,100805;105469;130471;135135;143455;145992;153768;159302;167029;167815;286038;360177;479728;527875;733579
32,512,25,1000.0,0.624,0.9,0.008,12.0,0.12,100,0.0,,,,,,,15,15,output_nm,100805;105469;130471;135135;143455;145992;153768;159302;167029;167815;286038;360177;479728;527875;733579
32,512,25,3000.0,0.624,0.9,0.008,12.0,0.12,100,0.0,,,,,,,15,15,output_nm,100805;105469;130471;135135;143455;145992;153768;159302;167029;167815;286038;360177;479728;527875;733579
32,512,25,5000.0,0.624,0.9,0.008,12.0,0.12,100,0.0,,,,,,,15,15,output_nm,100805;105469;130471;135135;143455;145992;153768;159302;167029;167815;286038;360177;479728;527875;733579
32,512,25,7000.0,0.624,0.9,0.008,12.0,0.12,100,0.0,,,,,,,15,15,output_nm,100805;105469;130471;135135;143455;145992;153768;159302;167029;167815;286038;360177;479728;527875;733579
32,512,25,10000.0,0.624,0.9,0.008,12.0,0.12,100,0.0,,,,,,,15,15,output_nm,100805;105469;130471;135135;143455;145992;153768;159302;167029;167815;286038;360177;479728;527875;733579
32,512,25,100000.0,0.624,0.9,0.008,12.0,0.12,100,0.0,2.0,6.0,,,,,15,15,output_nm,100805;105469;130471;135135;143455;145992;153768;159302;167029;167815;286038;360177;479728;527875;733579
32,512,64,250000.0,0.624,0.9,0.008,12.0,0.12,100,0.0,2.0,6.0,,,,,15,15,output_nm,100805;105469;130471;135135;143455;145992;153768;159302;167029;167815;286038;360177;479728;527875;733579
32,512,64,500000.0,0.624,0.9,0.008,12.0,0.12,100,0.0,2.0,6.0,,,,,15,15,output_nm,100805;105469;130471;135135;143455;145992;153768;159302;167029;167815;286038;360177;479728;527875;733579
64,512,25,100.0,0.624,0.9,0.008,12.0,0.12,100,0.0,,,,,,,15,15,output_nm,100805;105469;130471;135135;143455;145992;153768;159302;167029;167815;286038;360177;479728;527875;733579
64,512,25,500.0,0.624,0.9,0.008,12.0,0.12,100,0.0,,,,,,,15,15,output_nm,100805;105469;130471;135135;143455;145992;153768;159302;167029;167815;286038;360177;479728;527875;733579
64,512,25,1000.0,0.624,0.9,0.008,12.0,0.12,100,0.0,,,,,,,15,15,output_nm,100805;105469;130471;135135;143455;145992;153768;159302;167029;167815;286038;360177;479728;527875;733579
64,512,25,3000.0,0.624,0.9,0.008,12.0,0.12,100,0.0,,,,,,,15,15,output_nm,100805;105469;130471;135135;143455;145992;153768;159302;167029;167815;286038;360177;479728;527875;733579
64,512,25,5000.0,0.624,0.9,0.008,12.0,0.12,100,0.0,,,,,,,15,15,output_nm,100805;105469;130471;135135;143455;145992;153768;159302;167029;167815;286038;360177;479728;527875;733579
64,512,25,7000.0,0.624,0.9,0.008,12.0,0.12,100,0.0,,,,,,,15,15,output_nm,100805;105469;130471;135135;143455;145992;153768;159302;167029;167815;286038;360177;479728;527875;733579
64,512,25,10000.0,0.624,0.9,0.008,12.0,0.12,100,0.0,,,,,,,15,15,output_nm,100805;105469;130471;135135;143455;145992;153768;159302;167029;167815;286038;360177;479728;527875;733579
64,512,25,100000.0,0.624,0.9,0.008,12.0,0.12,100,0.0,2.0,6.0,,,,,15,15,output_nm,100805;105469;130471;135135;143455;145992;153768;159302;167029;167815;286038;360177;479728;527875;733579
64,512,64,250000.0,0.624,0.9,0.008,12.0,0.12,100,0.0,2.0,6.0,,,,,15,15,output_nm,100805;105469;130471;135135;143455;145992;153768;159302;167029;167815;286038;360177;479728;527875;733579
64,512,64,500000.0,0.624,0.9,0.008,12.0,0.12,100,0.0,2.0,6.0,,,,,15,15,output_nm,100805;105469;130471;135135;143455;145992;153768;159302;167029;167815;286038;360177;479728;527875;733579
128,512,25,,0.624,0.9,0.008,12.0,0.12,100,0.0,,,,,,,15,15,output,100805;105469;130471;135135;143455;145992;153768;159302;167029;167815;286038;360177;479728;527875;733579
128,512,25,500.0,0.624,0.9,0.008,12.0,0.12,100,0.0,,,,,,,15,15,output_nm,100805;105469;130471;135135;143455;145992;153768;159302;167029;167815;286038;360177;479728;527875;733579
128,512,25,1000.0,0.624,0.9,0.008,12.0,0.12,100,0.0,,,,,,,15,15,output_nm,100805;105469;130471;135135;143455;145992;153768;159302;167029;167815;286038;360177;479728;527875;733579
128,512,25,3000.0,0.624,0.9,0.008,12.0,0.12,100,0.0,,,,,,,15,15,output_nm,100805;105469;130471;135135;143455;145992;153768;159302;167029;167815;286038;360177;479728;527875;733579
128,512,25,5000.0,0.624,0.9,0.008,12.0,0.12,100,0.0,3.0,6.0,,,,,15,15,output_nm,100805;105469;130471;135135;143455;145992;153768;159302;167029;167815;286038;360177;479728;527875;733579
128,512,25,5000.0,0.624,0.9,0.008,12.0,0.12,100,0.0,,,,,,,15,15,output_nm,100805;105469;130471;135135;143455;145992;153768;159302;167029;167815;286038;360177;479728;527875;733579
128,512,25,7000.0,0.624,0.9,0.008,12.0,0.12,100,0.0,,,,,,,15,15,output_nm,100805;105469;130471;135135;143455;145992;153768;159302;167029;167815;286038;360177;479728;527875;733579
128,512,25,10000.0,0.624,0.9,0.008,12.0,0.12,100,0.0,2.0,,,,,,15,15,output_nm,100805;105469;130471;135135;143455;145992;153768;159302;167029;167815;286038;360177;479728;527875;733579
128,512,25,10000.0,0.624,0.9,0.008,12.0,0.12,100,0.0,3.0,,,,,,15,15,output_nm,100805;105469;130471;135135;143455;145992;153768;159302;167029;167815;286038;360177;479728;527875;733579
128,512,25,10000.0,0.624,0.9,0.008,12.0,0.12,100,0.0,,,,,,,15,15,output_nm,100805;105469;130471;135135;143455;145992;153768;159302;167029;167815;286038;360177;479728;527875;733579
128,512,25,50000.0,0.624,0.9,0.008,12.0,0.12,100,0.0,3.0,6.0,,,,,15,15,output_nm,100805;105469;130471;135135;143455;145992;153768;159302;167029;167815;286038;360177;479728;527875;733579
128,512,25,100000.0,0.624,0.9,0.008,12.0,0.12,100,0.0,2.0,1.0,,,,,15,15,output_nm,100805;105469;130471;135135;143455;145992;153768;159302;167029;167815;286038;360177;479728;527875;733579
128,512,25,100000.0,0.624,0.9,0.008,12.0,0.12,100,0.0,2.0,2.0,,,,,15,15,output_nm,100805;105469;130471;135135;143455;145992;153768;159302;167029;167815;286038;360177;479728;527875;733579
128,512,25,100000.0,0.624,0.9,0.008,12.0,0.12,100,0.0,2.0,3.0,,,,,15,15,output_nm,100805;105469;130471;135135;143455;145992;153768;159302;167029;167815;286038;360177;479728;527875;733579
128,512,25,100000.0,0.624,0.9,0.008,12.0,0.12,100,0.0,2.0,6.0,,,,,5,5,output_nm,100805;105469;130471;135135;143455
128,512,64,250000.0,0.624,0.9,0.008,12.0,0.12,100,0.0,2.0,6.0,,,,,15,15,output_nm,100805;105469;130471;135135;143455;145992;153768;159302;167029;167815;286038;360177;479728;527875;733579
128,512,64,500000.0,0.624,0.9,0.008,12.0,0.12,100,0.0,2.0,6.0,,,,,15,15,output_nm,100805;105469;130471;135135;143455;145992;153768;159302;167029;167815;286038;360177;479728;527875;733579
256,512,25,,0.624,0.9,0.008,12.0,0.12,100,0.0,,,,,,,15,15,output,100805;105469;130471;135135;143455;145992;153768;159302;167029;167815;286038;360177;479728;527875;733579
256,512,25,500.0,0.624,0.9,0.008,12.0,0.12,100,0.0,,,,,,,15,15,output_nm,100805;105469;130471;135135;143455;145992;153768;159302;167029;167815;286038;360177;479728;527875;733579
256,512,25,1000.0,0.624,0.9,0.008,12.0,0.12,100,0.0,,,,,,,15,15,output_nm,100805;105469;130471;135135;143455;145992;153768;159302;167029;167815;286038;360177;479728;527875;733579
256,512,25,3000.0,0.624,0.9,0.008,12.0,0.12,100,0.0,,,,,,,15,15,output_nm,100805;105469;130471;135135;143455;145992;153768;159302;167029;167815;286038;360177;479728;527875;733579
256,512,25,5000.0,0.624,0.9,0.008,12.0,0.12,100,0.0,3.0,6.0,,,,,15,15,output_nm,100805;105469;130471;135135;143455;145992;153768;159302;167029;167815;286038;360177;479728;527875;733579
256,512,25,5000.0,0.624,0.9,0.008,12.0,0.12,100,0.0,,,,,,,15,15,output_nm,100805;105469;130471;135135;143455;145992;153768;159302;167029;167815;286038;360177;479728;527875;733579
256,512,25,7000.0,0.624,0.9,0.008,12.0,0.12,100,0.0,,,,,,,15,15,output_nm,100805;105469;130471;135135;143455;145992;153768;159302;167029;167815;286038;360177;479728;527875;733579
256,512,25,10000.0,0.624,0.9,0.008,12.0,0.12,100,0.0,2.0,,,,,,15,15,output_nm,100805;105469;130471;135135;143455;145992;153768;159302;167029;167815;286038;360177;479728;527875;733579
256,512,25,10000.0,0.624,0.9,0.008,12.0,0.12,100,0.0,3.0,,,,,,15,15,output_nm,100805;105469;130471;135135;143455;145992;153768;159302;167029;167815;286038;360177;479728;527875;733579
256,512,25,10000.0,0.624,0.9,0.008,12.0,0.12,100,0.0,,,,,,,15,15,output_nm,100805;105469;130471;135135;143455;145992;153768;159302;167029;167815;286038;360177;479728;527875;733579
256,512,25,50000.0,0.624,0.9,0.008,12.0,0.12,100,0.0,3.0,6.0,,,,,15,15,output_nm,100805;105469;130471;135135;143455;145992;153768;159302;167029;167815;286038;360177;479728;527875;733579
256,512,64,250000.0,0.624,0.9,0.008,12.0,0.12,100,0.0,2.0,6.0,,,,,15,15,output_nm,100805;105469;130471;135135;143455;145992;153768;159302;167029;167815;286038;360177;479728;527875;733579
256,512,64,500000.0,0.624,0.9,0.008,12.0,0.12,100,0.0,2.0,6.0,,,,,15,15,output_nm,100805;105469;130471;135135;143455;145992;153768;159302;167029;167815;286038;360177;479728;527875;733579
384,512,64,500000.0,0.624,0.9,0.008,12.0,0.12,100,0.0,2.0,6.0,,,,,15,15,output_nm,100805;105469;130471;135135;143455;145992;153768;159302;167029;167815;286038;360177;479728;527875;733579
512,32,25,100.0,0.624,0.9,0.008,12.0,0.12,100,0.0,,,,,,,15,15,output_nm,100805;105469;130471;135135;143455;145992;153768;159302;167029;167815;286038;360177;479728;527875;733579
512,32,25,500.0,0.624,0.9,0.008,12.0,0.12,100,0.0,,,,,,,15,15,output_nm,100805;105469;130471;135135;143455;145992;153768;159302;167029;167815;286038;360177;479728;527875;733579
512,32,25,1000.0,0.624,0.9,0.008,12.0,0.12,100,0.0,,,,,,,15,15,output_nm,100805;105469;130471;135135;143455;145992;153768;159302;167029;167815;286038;360177;479728;527875;733579
512,32,25,3000.0,0.624,0.9,0.008,12.0,0.12,100,0.0,,,,,,,15,15,output_nm,100805;105469;130471;135135;143455;145992;153768;159302;167029;167815;286038;360177;479728;527875;733579
512,32,25,5000.0,0.624,0.9,0.008,12.0,0.12,100,0.0,,,,,,,15,15,output_nm,100805;105469;130471;135135;143455;145992;153768;159302;167029;167815;286038;360177;479728;527875;733579
512,32,25,7000.0,0.624,0.9,0.008,12.0,0.12,100,0.0,,,,,,,15,15,output_nm,100805;105469;130471;135135;143455;145992;153768;159302;167029;167815;286038;360177;479728;527875;733579
512,32,25,10000.0,0.624,0.9,0.008,12.0,0.12,100,0.0,,,,,,,15,15,output_nm,100805;105469;130471;135135;143455;145992;153768;159302;167029;167815;286038;360177;479728;527875;733579
512,32,64,27000.0,0.624,0.9,0.008,12.0,0.12,100,0.0,2.0,6.0,,,,,15,15,output_nm,100805;105469;130471;135135;143455;145992;153768;159302;167029;167815;286038;360177;479728;527875;733579
512,32,64,50000.0,0.624,0.9,0.008,12.0,0.12,100,0.0,2.0,6.0,,,,,15,15,output_nm,100805;105469;130471;135135;143455;145992;153768;159302;167029;167815;286038;360177;479728;527875;733579
512,64,25,100.0,0.624,0.9,0.008,12.0,0.12,100,0.0,,,,,,,15,15,output_nm,100805;105469;130471;135135;143455;145992;153768;159302;167029;167815;286038;360177;479728;527875;733579
512,64,25,500.0,0.624,0.9,0.008,12.0,0.12,100,0.0,,,,,,,15,15,output_nm,100805;105469;130471;135135;143455;145992;153768;159302;167029;167815;286038;360177;479728;527875;733579
512,64,25,1000.0,0.624,0.9,0.008,12.0,0.12,100,0.0,,,,,,,15,15,output_nm,100805;105469;130471;135135;143455;145992;153768;159302;167029;167815;286038;360177;479728;527875;733579
512,64,25,3000.0,0.624,0.9,0.008,12.0,0.12,100,0.0,,,,,,,15,15,output_nm,100805;105469;130471;135135;143455;145992;153768;159302;167029;167815;286038;360177;479728;527875;733579
512,64,25,5000.0,0.624,0.9,0.008,12.0,0.12,100,0.0,,,,,,,15,15,output_nm,100805;105469;130471;135135;143455;145992;153768;159302;167029;167815;286038;360177;479728;527875;733579
512,64,25,7000.0,0.624,0.9,0.008,12.0,0.12,100,0.0,,,,,,,15,15,output_nm,100805;105469;130471;135135;143455;145992;153768;159302;167029;167815;286038;360177;479728;527875;733579
512,64,25,10000.0,0.624,0.9,0.008,12.0,0.12,100,0.0,,,,,,,15,15,output_nm,100805;105469;130471;135135;143455;145992;153768;159302;167029;167815;286038;360177;479728;527875;733579
512,64,25,12500.0,0.624,0.9,0.008,12.0,0.12,100,0.0,2.0,6.0,,,,,15,15,output_nm,100805;105469;130471;135135;143455;145992;153768;159302;167029;167815;286038;360177;479728;527875;733579
512,64,25,100000.0,0.624,0.9,0.008,12.0,0.12,100,0.0,2.0,6.0,,,,,15,15,output_nm,100805;105469;130471;135135;143455;145992;153768;159302;167029;167815;286038;360177;479728;527875;733579
512,64,64,55000.0,0.624,0.9,0.008,12.0,0.12,100,0.0,2.0,6.0,,,,,15,15,output_nm,100805;105469;130471;135135;143455;145992;153768;159302;167029;167815;286038;360177;479728;527875;733579
512,64,64,250000.0,0.624,0.9,0.008,12.0,0.12,100,0.0,2.0,6.0,,,,,15,15,output_nm,100805;105469;130471;135135;143455;145992;153768;159302;167029;167815;286038;360177;479728;527875;733579
512,128,25,,0.624,0.9,0.008,12.0,0.12,100,0.0,,,,,,,15,15,output,100805;105469;130471;135135;143455;145992;153768;159302;167029;167815;286038;360177;479728;527875;733579
512,128,25,500.0,0.624,0.9,0.008,12.0,0.12,100,0.0,,,,,,,15,15,output_nm,100805;105469;130471;135135;143455;145992;153768;159302;167029;167815;286038;360177;479728;527875;733579
512,128,25,1000.0,0.624,0.9,0.008,12.0,0.12,100,0.0,,,,,,,15,15,output_nm,100805;105469;130471;135135;143455;145992;153768;159302;167029;167815;286038;360177;479728;527875;733579
512,128,25,3000.0,0.624,0.9,0.008,12.0,0.12,100,0.0,,,,,,,15,15,output_nm,100805;105469;130471;135135;143455;145992;153768;159302;167029;167815;286038;360177;479728;527875;733579
512,128,25,5000.0,0.624,0.9,0.008,12.0,0.12,100,0.0,,,,,,,15,15,output_nm,100805;105469;130471;135135;143455;145992;153768;159302;167029;167815;286038;360177;479728;527875;733579
512,128,25,7000.0,0.624,0.9,0.008,12.0,0.12,100,0.0,,,,,,,15,15,output_nm,100805;105469;130471;135135;143455;145992;153768;159302;167029;167815;286038;360177;479728;527875;733579
512,128,25,10000.0,0.624,0.9,0.008,12.0,0.12,100,0.0,,,,,,,15,15,output_nm,100805;105469;130471;135135;143455;145992;153768;159302;167029;167815;286038;360177;479728;527875;733579
512,128,25,25000.0,0.624,0.9,0.008,12.0,0.12,100,0.0,2.0,6.0,,,,,15,15,output_nm,100805;105469;130471;135135;143455;145992;153768;159302;167029;167815;286038;360177;479728;527875;733579
512,128,64,250000.0,0.624,0.9,0.008,12.0,0.12,100,0.0,2.0,6.0,,,,,15,15,output_nm,100805;105469;130471;135135;143455;145992;153768;159302;167029;167815;286038;360177;479728;527875;733579
512,128,64,250000.0,0.624,0.9,0.008,12.0,0.12,100,0.0,2.0,12.0,,,,,3,3,output_nm,100805;105469;130471
512,128,64,250000.0,0.624,0.9,0.008,12.0,0.12,100,0.0,2.0,24.0,,,,,3,3,output_nm,100805;105469;130471
512,256,25,,0.624,0.9,0.008,12.0,0.12,100,0.0,,,,,,,15,15,output,100805;105469;130471;135135;143455;145992;153768;159302;167029;167815;286038;360177;479728;527875;733579
512,256,25,500.0,0.624,0.9,0.008,12.0,0.12,100,0.0,,,,,,,15,15,output_nm,100805;105469;130471;135135;143455;145992;153768;159302;167029;167815;286038;360177;479728;527875;733579
512,256,25,1000.0,0.624,0.9,0.008,12.0,0.12,100,0.0,,,,,,,15,15,output_nm,100805;105469;130471;135135;143455;145992;153768;159302;167029;167815;286038;360177;479728;527875;733579
512,256,25,3000.0,0.624,0.9,0.008,12.0,0.12,100,0.0,,,,,,,15,15,output_nm,100805;105469;130471;135135;143455;145992;153768;159302;167029;167815;286038;360177;479728;527875;733579
512,256,25,5000.0,0.624,0.9,0.008,12.0,0.12,100,0.0,,,,,,,15,15,output_nm,100805;105469;130471;135135;143455;145992;153768;159302;167029;167815;286038;360177;479728;527875;733579
512,256,25,7000.0,0.624,0.9,0.008,12.0,0.12,100,0.0,,,,,,,15,15,output_nm,100805;105469;130471;135135;143455;145992;153768;159302;167029;167815;286038;360177;479728;527875;733579
512,256,25,10000.0,0.624,0.9,0.008,12.0,0.12,100,0.0,,,,,,,15,15,output_nm,100805;105469;130471;135135;143455;145992;153768;159302;167029;167815;286038;360177;479728;527875;733579
512,256,25,50000.0,0.624,0.9,0.008,12.0,0.12,100,0.0,2.0,6.0,,,,,15,15,output_nm,100805;105469;130471;135135;143455;145992;153768;159302;167029;167815;286038;360177;479728;527875;733579
512,256,64,250000.0,0.624,0.9,0.008,12.0,0.12,100,0.0,2.0,6.0,,,,,15,15,output_nm,100805;105469;130471;135135;143455;145992;153768;159302;167029;167815;286038;360177;479728;527875;733579
512,512,4,100000.0,0.624,0.9,0.008,12.0,0.12,100,0.0,2.0,6.0,,,,,15,15,output_nm,100805;105469;130471;135135;143455;145992;153768;159302;167029;167815;286038;360177;479728;527875;733579
512,512,6,100000.0,0.624,0.9,0.008,12.0,0.12,100,0.0,2.0,6.0,,,,,15,15,output_nm,100805;105469;130471;135135;143455;145992;153768;159302;167029;167815;286038;360177;479728;527875;733579
512,512,8,,0.624,0.9,0.008,12.0,0.12,100,0.0,,,,,,,1,1,output,100805
512,512,8,100.0,0.624,0.9,0.008,12.0,0.12,100,0.0,,,,,,,15,15,output_nm,100805;105469;130471;135135;143455;145992;153768;159302;167029;167815;286038;360177;479728;527875;733579
512,512,8,500.0,0.624,0.9,0.008,12.0,0.12,100,0.0,,,,,,,15,15,output_nm,100805;105469;130471;135135;143455;145992;153768;159302;167029;167815;286038;360177;479728;527875;733579
512,512,8,1000.0,0.624,0.9,0.008,12.0,0.12,100,0.0,,,,,,,15,15,output_nm,100805;105469;130471;135135;143455;145992;153768;159302;167029;167815;286038;360177;479728;527875;733579
512,512,8,3000.0,0.624,0.9,0.008,12.0,0.12,100,0.0,,,,,,,15,15,output_nm,100805;105469;130471;135135;143455;145992;153768;159302;167029;167815;286038;360177;479728;527875;733579
512,512,8,5000.0,0.624,0.9,0.008,12.0,0.12,100,0.0,,,,,,,15,15,output_nm,100805;105469;130471;135135;143455;145992;153768;159302;167029;167815;286038;360177;479728;527875;733579
512,512,8,100000.0,0.624,0.9,0.008,12.0,0.12,100,0.0,2.0,6.0,,,,,15,15,output_nm,100805;105469;130471;135135;143455;145992;153768;159302;167029;167815;286038;360177;479728;527875;733579
512,512,12,100000.0,0.624,0.9,0.008,12.0,0.12,100,0.0,2.0,6.0,,,,,15,15,output_nm,100805;105469;130471;135135;143455;145992;153768;159302;167029;167815;286038;360177;479728;527875;733579
512,512,16,100.0,0.624,0.9,0.008,12.0,0.12,100,0.0,,,,,,,15,15,output_nm,100805;105469;130471;135135;143455;145992;153768;159302;167029;167815;286038;360177;479728;527875;733579
512,512,16,500.0,0.624,0.9,0.008,12.0,0.12,100,0.0,,,,,,,15,15,output_nm,100805;105469;130471;135135;143455;145992;153768;159302;167029;167815;286038;360177;479728;527875;733579
512,512,16,1000.0,0.624,0.9,0.008,12.0,0.12,100,0.0,,,,,,,15,15,output_nm,100805;105469;130471;135135;143455;145992;153768;159302;167029;167815;286038;360177;479728;527875;733579
512,512,16,3000.0,0.624,0.9,0.008,12.0,0.12,100,0.0,,,,,,,15,15,output_nm,100805;105469;130471;135135;143455;145992;153768;159302;167029;167815;286038;360177;479728;527875;733579
512,512,16,5000.0,0.624,0.9,0.008,12.0,0.12,100,0.0,,,,,,,15,15,output_nm,100805;105469;130471;135135;143455;145992;153768;159302;167029;167815;286038;360177;479728;527875;733579
512,512,16,7000.0,0.624,0.9,0.008,12.0,0.12,100,0.0,,,,,,,15,15,output_nm,100805;105469;130471;135135;143455;145992;153768;159302;167029;167815;286038;360177;479728;527875;733579
512,512,16,10000.0,0.624,0.9,0.008,12.0,0.12,100,0.0,,,,,,,15,15,output_nm,100805;105469;130471;135135;143455;145992;153768;159302;167029;167815;286038;360177;479728;527875;733579
512,512,16,100000.0,0.624,0.9,0.008,12.0,0.12,100,0.0,2.0,6.0,,,,,15,15,output_nm,100805;105469;130471;135135;143455;145992;153768;159302;167029;167815;286038;360177;479728;527875;733579
512,512,16,250000.0,0.624,0.9,0.008,12.0,0.12,100,0.0,2.0,6.0,,,,,15,15,output_nm,100805;105469;130471;135135;143455;145992;153768;159302;167029;167815;286038;360177;479728;527875;733579
512,512,16,500000.0,0.624,0.9,0.008,12.0,0.12,100,0.0,2.0,6.0,,,,,15,15,output_nm,100805;105469;130471;135135;143455;145992;153768;159302;167029;167815;286038;360177;479728;527875;733579
512,512,25,,0.624,0.9,0.008,12.0,0.12,100,0.0,,,,,,,45,30,output;output_no_pairs,100805;105469;105648;130471;135135;143455;145992;153768;159302;167029;167815;238461;274935;286038;352871;360177;394826;479728;496023;512837;527875;591734;648219;689421;723546;733579;745198;817354;893274;902156
512,512,25,1000.0,0.624,0.9,0.008,12.0,0.12,100,0.0,,,,,,,15,15,output_nm,100805;105469;130471;135135;143455;145992;153768;159302;167029;167815;286038;360177;479728;527875;733579
512,512,25,3000.0,0.624,0.9,0.008,12.0,0.12,100,0.0,,,,,,,15,15,output_nm,100805;105469;130471;135135;143455;145992;153768;159302;167029;167815;286038;360177;479728;527875;733579
512,512,25,5000.0,0.624,0.9,0.008,12.0,0.12,100,0.0,,,,,,,15,15,output_nm,100805;105469;130471;135135;143455;145992;153768;159302;167029;167815;286038;360177;479728;527875;733579
512,512,25,7000.0,0.624,0.9,0.008,12.0,0.12,100,0.0,,,,,,,15,15,output_nm,100805;105469;130471;135135;143455;145992;153768;159302;167029;167815;286038;360177;479728;527875;733579
512,512,25,10000.0,0.624,0.9,0.008,12.0,0.12,100,0.0,2.0,2.0,,,,,15,15,output_nm,100805;105469;130471;135135;143455;145992;153768;159302;167029;167815;286038;360177;479728;527875;733579
512,512,25,10000.0,0.624,0.9,0.008,12.0,0.12,100,0.0,2.0,3.0,,,,,15,15,output_nm,100805;105469;130471;135135;143455;145992;153768;159302;167029;167815;286038;360177;479728;527875;733579
512,512,25,10000.0,0.624,0.9,0.008,12.0,0.12,100,0.0,2.0,,20.0,20.0,3.5,,15,15,output_nm,100805;105469;130471;135135;143455;145992;153768;159302;167029;167815;286038;360177;479728;527875;733579
512,512,25,10000.0,0.624,0.9,0.008,12.0,0.12,100,0.0,2.0,,30.0,30.0,5.0,,15,15,output_nm,100805;105469;130471;135135;143455;145992;153768;159302;167029;167815;286038;360177;479728;527875;733579
512,512,25,10000.0,0.624,0.9,0.008,12.0,0.12,100,0.0,2.0,,40.0,40.0,7.0,,15,15,output_nm,100805;105469;130471;135135;143455;145992;153768;159302;167029;167815;286038;360177;479728;527875;733579
512,512,25,10000.0,0.624,0.9,0.008,12.0,0.12,100,0.0,2.0,,,,,,15,15,output_nm,100805;105469;130471;135135;143455;145992;153768;159302;167029;167815;286038;360177;479728;527875;733579
512,512,25,10000.0,0.624,0.9,0.008,12.0,0.12,100,0.0,3.0,,,,,,7,7,output_nm,100805;105469;130471;135135;143455;145992;479728
512,512,25,10000.0,0.624,0.9,0.008,12.0,0.12,100,0.0,,,,,,,15,15,output_nm,100805;105469;130471;135135;143455;145992;153768;159302;167029;167815;286038;360177;479728;527875;733579
512,512,25,25000.0,0.624,0.9,0.008,12.0,0.12,100,0.0,2.0,6.0,,,,,15,15,output_nm,100805;105469;130471;135135;143455;145992;153768;159302;167029;167815;286038;360177;479728;527875;733579
512,512,25,50000.0,0.624,0.9,0.008,12.0,0.12,100,0.0,,,,,,,15,15,output_nm,100805;105469;130471;135135;143455;145992;153768;159302;167029;167815;286038;360177;479728;527875;733579
512,512,25,100000.0,0.624,0.9,0.008,12.0,0.12,100,0.0,2.0,0.5,,,,,14,14,output_nm,100805;130471;135135;143455;145992;153768;159302;167029;167815;286038;360177;479728;527875;733579
512,512,25,100000.0,0.624,0.9,0.008,12.0,0.12,100,0.0,2.0,1.0,,,,,15,15,output_nm,100805;105469;130471;135135;143455;145992;153768;159302;167029;167815;286038;360177;479728;527875;733579
512,512,25,100000.0,0.624,0.9,0.008,12.0,0.12,100,0.0,2.0,2.0,,,,,15,15,output_nm,100805;105469;130471;135135;143455;145992;153768;159302;167029;167815;286038;360177;479728;527875;733579
512,512,25,100000.0,0.624,0.9,0.008,12.0,0.12,100,0.0,2.0,3.0,,,,,15,15,output_nm,100805;105469;130471;135135;143455;145992;153768;159302;167029;167815;286038;360177;479728;527875;733579
512,512,25,100000.0,0.624,0.9,0.008,12.0,0.12,100,0.0,2.0,6.0,,,,,30,15,output_nm,100805;105469;130471;135135;143455;145992;153768;159302;167029;167815;286038;360177;479728;527875;733579
512,512,25,100000.0,0.624,0.9,0.008,12.0,0.12,100,0.0,,,,,,,2,2,output_nm,100805;105469
512,512,25,100000.0,0.624,0.9,0.008,12.0,0.12,100,0.049526,2.0,6.0,,,,,15,15,output_nm,100805;105469;130471;135135;143455;145992;153768;159302;167029;167815;286038;360177;479728;527875;733579
512,512,25,100000.0,0.624,0.9,0.008,12.0,0.12,100,0.099052,2.0,6.0,,,,,15,15,output_nm,100805;105469;130471;135135;143455;145992;153768;159302;167029;167815;286038;360177;479728;527875;733579
512,512,25,100000.0,0.624,0.9,0.008,12.0,0.12,100,0.148577,2.0,6.0,,,,,15,15,output_nm,100805;105469;130471;135135;143455;145992;153768;159302;167029;167815;286038;360177;479728;527875;733579
512,512,25,100000.0,0.624,0.9,0.008,12.0,0.12,100,0.180094,2.0,6.0,,,,,15,15,output_nm,100805;105469;130471;135135;143455;145992;153768;159302;167029;167815;286038;360177;479728;527875;733579
512,512,25,100000.0,0.624,0.9,0.008,12.0,0.12,100,0.198,,,,,,,2,2,output_nm,100805;105469
512,512,25,100000.0,0.624,0.9,0.008,12.0,0.12,100,0.360187,2.0,6.0,,,,,15,15,output_nm,100805;105469;130471;135135;143455;145992;153768;159302;167029;167815;286038;360177;479728;527875;733579
512,512,25,100000.0,0.624,0.9,0.008,12.0,0.12,100,0.540281,2.0,6.0,,,,,15,15,output_nm,100805;105469;130471;135135;143455;145992;153768;159302;167029;167815;286038;360177;479728;527875;733579
512,512,25,100000.0,0.624,0.9,0.008,12.0,0.12,100,0.720375,2.0,6.0,,,,,15,15,output_nm,100805;105469;130471;135135;143455;145992;153768;159302;167029;167815;286038;360177;479728;527875;733579
512,512,25,100000.0,0.624,0.9,0.008,12.0,0.12,100,0.900468,2.0,6.0,,,,,13,13,output_nm,100805;105469;130471;135135;143455;145992;153768;159302;167029;167815;479728;527875;733579
512,512,25,100000.0,0.624,0.9,0.008,12.0,0.12,100,1.080562,2.0,6.0,,,,,15,15,output_nm,100805;105469;130471;135135;143455;145992;153768;159302;167029;167815;286038;360177;479728;527875;733579
512,512,25,100000.0,0.624,0.9,0.008,12.0,0.12,100,1.260655,2.0,6.0,,,,,13,13,output_nm,100805;105469;130471;145992;153768;159302;167029;167815;286038;360177;479728;527875;733579
512,512,25,100000.0,0.624,0.9,0.008,12.0,0.12,100,1.440749,2.0,6.0,,,,,15,15,output_nm,100805;105469;130471;135135;143455;145992;153768;159302;167029;167815;286038;360177;479728;527875;733579
512,512,25,100000.0,0.624,0.9,0.008,12.0,0.12,100,1.620843,2.0,6.0,,,,,15,15,output_nm,100805;105469;130471;135135;143455;145992;153768;159302;167029;167815;286038;360177;479728;527875;733579
512,512,25,100000.0,0.624,0.9,0.008,12.0,0.12,100,1.800936,2.0,6.0,,,,,15,15,output_nm,100805;105469;130471;135135;143455;145992;153768;159302;167029;167815;286038;360177;479728;527875;733579
512,512,25,100000.0,0.624,0.9,0.008,12.0,0.12,100,1.98103,2.0,6.0,,,,,13,13,output_nm,100805;105469;130471;135135;143455;145992;153768;159302;167029;167815;286038;360177;527875
512,512,25,250000.0,0.624,0.9,0.008,12.0,0.12,100,0.0,2.0,6.0,,,,,15,15,output_nm,100805;105469;130471;135135;143455;145992;153768;159302;167029;167815;286038;360177;479728;527875;733579
512,512,25,500000.0,0.624,0.9,0.008,12.0,0.12,100,0.0,2.0,6.0,,,,,15,15,output_nm,100805;105469;130471;135135;143455;145992;153768;159302;167029;167815;286038;360177;479728;527875;733579
512,512,25,1000000.0,0.624,0.9,0.008,12.0,0.12,100,0.0,2.0,6.0,,,,,15,15,output_nm,100805;105469;130471;135135;143455;145992;153768;159302;167029;167815;286038;360177;479728;527875;733579
512,512,32,1000.0,0.624,0.9,0.008,12.0,0.12,100,0.0,,,,,,,15,15,output_nm,100805;105469;130471;135135;143455;145992;153768;159302;167029;167815;286038;360177;479728;527875;733579
512,512,32,3000.0,0.624,0.9,0.008,12.0,0.12,100,0.0,,,,,,,15,15,output_nm,100805;105469;130471;135135;143455;145992;153768;159302;167029;167815;286038;360177;479728;527875;733579
512,512,32,5000.0,0.624,0.9,0.008,12.0,0.12,100,0.0,,,,,,,15,15,output_nm,100805;105469;130471;135135;143455;145992;153768;159302;167029;167815;286038;360177;479728;527875;733579
512,512,32,7000.0,0.624,0.9,0.008,12.0,0.12,100,0.0,,,,,,,15,15,output_nm,100805;105469;130471;135135;143455;145992;153768;159302;167029;167815;286038;360177;479728;527875;733579
512,512,32,10000.0,0.624,0.9,0.008,12.0,0.12,100,0.0,,,,,,,15,15,output_nm,100805;105469;130471;135135;143455;145992;153768;159302;167029;167815;286038;360177;479728;527875;733579
512,512,32,50000.0,0.624,0.9,0.008,12.0,0.12,100,0.0,,,,,,,15,15,output_nm,100805;105469;130471;135135;143455;145992;153768;159302;167029;167815;286038;360177;479728;527875;733579
512,512,32,100000.0,0.624,0.9,0.008,12.0,0.12,100,0.0,2.0,6.0,,,,,15,15,output_nm,100805;105469;130471;135135;143455;145992;153768;159302;167029;167815;286038;360177;479728;527875;733579
512,512,32,250000.0,0.624,0.9,0.008,12.0,0.12,100,0.0,2.0,6.0,,,,,15,15,output_nm,100805;105469;130471;135135;143455;145992;153768;159302;167029;167815;286038;360177;479728;527875;733579
512,512,32,500000.0,0.624,0.9,0.008,12.0,0.12,100,0.0,2.0,6.0,,,,,15,15,output_nm,100805;105469;130471;135135;143455;145992;153768;159302;167029;167815;286038;360177;479728;527875;733579
512,512,48,500000.0,0.624,0.9,0.008,12.0,0.12,100,0.0,2.0,6.0,,,,,15,15,output_nm,100805;105469;130471;135135;143455;145992;153768;159302;167029;167815;286038;360177;479728;527875;733579
512,512,64,7000.0,0.624,0.9,0.008,12.0,0.12,100,0.0,,,,,,,15,15,output_nm,100805;105469;130471;135135;143455;145992;153768;159302;167029;167815;286038;360177;479728;527875;733579
512,512,64,10000.0,0.624,0.9,0.008,12.0,0.12,100,0.0,2.0,6.0,,,,,15,15,output_nm,100805;105469;130471;135135;143455;145992;153768;159302;167029;167815;286038;360177;479728;527875;733579
512,512,64,10000.0,0.624,0.9,0.008,12.0,0.12,100,0.0,,,,,,,15,15,output_nm,100805;105469;130471;135135;143455;145992;153768;159302;167029;167815;286038;360177;479728;527875;733579
512,512,64,25000.0,0.624,0.9,0.008,12.0,0.12,100,0.0,2.0,6.0,,,,,15,15,output_nm,100805;105469;130471;135135;143455;145992;153768;159302;167029;167815;286038;360177;479728;527875;733579
512,512,64,50000.0,0.624,0.9,0.008,12.0,0.12,100,0.0,2.0,6.0,,,,,15,15,output_nm,100805;105469;130471;135135;143455;145992;153768;159302;167029;167815;286038;360177;479728;527875;733579
512,512,64,50000.0,0.624,0.9,0.008,12.0,0.12,100,0.0,,,,,,,15,15,output_nm,100805;105469;130471;135135;143455;145992;153768;159302;167029;167815;286038;360177;479728;527875;733579
512,512,64,100000.0,0.624,0.9,0.008,12.0,0.12,100,0.0,2.0,6.0,,,,,15,15,output_nm,100805;105469;130471;135135;143455;145992;153768;159302;167029;167815;286038;360177;479728;527875;733579
512,512,64,100000.0,0.624,0.9,0.008,12.0,0.12,100,0.0,,,,,,,15,15,output_nm,100805;105469;130471;135135;143455;145992;153768;159302;167029;167815;286038;360177;479728;527875;733579
512,512,64,250000.0,0.624,0.9,0.008,12.0,0.12,100,0.0,2.0,6.0,,,,,15,15,output_nm,100805;105469;130471;135135;143455;145992;153768;159302;167029;167815;286038;360177;479728;527875;733579
512,512,64,440000.0,0.624,0.9,0.008,12.0,0.12,100,0.0,2.0,6.0,,,,,15,15,output_nm,100805;105469;130471;135135;143455;145992;153768;159302;167029;167815;286038;360177;479728;527875;733579
512,512,64,500000.0,0.624,0.9,0.008,12.0,0.12,100,0.0,2.0,6.0,,,,,15,15,output_nm,100805;105469;130471;135135;143455;145992;153768;159302;167029;167815;286038;360177;479728;527875;733579
512,512,64,750000.0,0.624,0.9,0.008,12.0,0.12,100,0.0,2.0,6.0,,,,,12,12,output_nm,100805;135135;143455;145992;159302;167029;167815;286038;360177;479728;527875;733579
512,512,64,1000000.0,0.624,0.9,0.008,12.0,0.12,100,0.0,2.0,6.0,,,,,15,15,output_nm,100805;105469;130471;135135;143455;145992;153768;159302;167029;167815;286038;360177;479728;527875;733579
512,512,96,500000.0,0.624,0.9,0.008,12.0,0.12,100,0.0,2.0,6.0,,,,,10,10,output_nm,130471;135135;143455;145992;159302;167815;360177;479728;527875;733579
512,512,128,10000.0,0.624,0.9,0.008,12.0,0.12,100,0.0,,,,,,,15,15,output_nm,100805;105469;130471;135135;143455;145992;153768;159302;167029;167815;286038;360177;479728;527875;733579
512,512,128,50000.0,0.624,0.9,0.008,12.0,0.12,100,0.0,,,,,,,15,15,output_nm,100805;105469;130471;135135;143455;145992;153768;159302;167029;167815;286038;360177;479728;527875;733579
512,512,128,100000.0,0.624,0.9,0.008,12.0,0.12,100,0.0,,,,,,,15,15,output_nm,100805;105469;130471;135135;143455;145992;153768;159302;167029;167815;286038;360177;479728;527875;733579
512,512,128,250000.0,0.624,0.9,0.008,12.0,0.12,100,0.0,2.0,6.0,,,,,15,15,output_nm,100805;105469;130471;135135;143455;145992;153768;159302;167029;167815;286038;360177;479728;527875;733579
512,512,128,500000.0,0.624,0.9,0.008,12.0,0.12,100,0.0,2.0,6.0,,,,,14,14,output_nm,100805;105469;130471;135135;143455;145992;153768;159302;167029;167815;286038;360177;527875;733579
512,512,128,895000.0,0.624,0.9,0.008,12.0,0.12,100,0.0,2.0,6.0,,,,,15,15,output_nm,100805;105469;130471;135135;143455;145992;153768;159302;167029;167815;286038;360177;479728;527875;733579
512,1024,25,,0.624,0.9,0.008,12.0,0.12,100,0.0,,,,,,,15,15,output,100805;105469;130471;135135;143455;145992;153768;159302;167029;167815;286038;360177;479728;527875;733579
512,1024,25,1000.0,0.624,0.9,0.008,12.0,0.12,100,0.0,,,,,,,15,15,output_nm,100805;105469;130471;135135;143455;145992;153768;159302;167029;167815;286038;360177;479728;527875;733579
512,1024,25,3000.0,0.624,0.9,0.008,12.0,0.12,100,0.0,,,,,,,15,15,output_nm,100805;105469;130471;135135;143455;145992;153768;159302;167029;167815;286038;360177;479728;527875;733579
512,1024,25,5000.0,0.624,0.9,0.008,12.0,0.12,100,0.0,,,,,,,15,15,output_nm,100805;105469;130471;135135;143455;145992;153768;159302;167029;167815;286038;360177;479728;527875;733579
512,1024,25,7000.0,0.624,0.9,0.008,12.0,0.12,100,0.0,,,,,,,15,15,output_nm,100805;105469;130471;135135;143455;145992;153768;159302;167029;167815;286038;360177;479728;527875;733579
512,1024,25,10000.0,0.624,0.9,0.008,12.0,0.12,100,0.0,2.0,,,,,,15,15,output_nm,100805;105469;130471;135135;143455;145992;153768;159302;167029;167815;286038;360177;479728;527875;733579
512,1024,25,10000.0,0.624,0.9,0.008,12.0,0.12,100,0.0,,,,,,,15,15,output_nm,100805;105469;130471;135135;143455;145992;153768;159302;167029;167815;286038;360177;479728;527875;733579
512,1024,25,50000.0,0.624,0.9,0.008,12.0,0.12,100,0.0,,,,,,,15,15,output_nm,100805;105469;130471;135135;143455;145992;153768;159302;167029;167815;286038;360177;479728;527875;733579
512,1024,25,100000.0,0.624,0.9,0.008,12.0,0.12,100,0.0,,,,,,,15,15,output_nm,100805;105469;130471;135135;143455;145992;153768;159302;167029;167815;286038;360177;479728;527875;733579
512,1024,25,200000.0,0.624,0.9,0.008,12.0,0.12,100,0.0,2.0,6.0,,,,,15,15,output_nm,100805;105469;130471;135135;143455;145992;153768;159302;167029;167815;286038;360177;479728;527875;733579
512,1024,64,250000.0,0.624,0.9,0.008,12.0,0.12,100,0.0,2.0,6.0,,,,,15,15,output_nm,100805;105469;130471;135135;143455;145992;153768;159302;167029;167815;286038;360177;479728;527875;733579
512,2048,25,100000.0,0.624,0.9,0.008,12.0,0.12,100,0.0,2.0,6.0,,,,,15,15,output_nm,100805;105469;130471;135135;143455;145992;153768;159302;167029;167815;286038;360177;479728;527875;733579
512,2048,25,400000.0,0.624,0.9,0.008,12.0,0.12,100,0.0,2.0,6.0,,,,,15,15,output_nm,100805;105469;130471;135135;143455;145992;153768;159302;167029;167815;286038;360177;479728;527875;733579
512,2048,64,250000.0,0.624,0.9,0.008,12.0,0.12,100,0.0,2.0,6.0,,,,,3,3,output_nm,100805;143455;145992
512,4096,25,100000.0,0.624,0.9,0.008,12.0,0.12,100,0.0,2.0,6.0,,,,,15,15,output_nm,100805;105469;130471;135135;143455;145992;153768;159302;167029;167815;286038;360177;479728;527875;733579
512,4096,25,800000.0,0.624,0.9,0.008,12.0,0.12,100,0.0,2.0,6.0,,,,,14,14,output_nm,100805;105469;130471;135135;143455;145992;153768;159302;167029;167815;286038;360177;479728;733579
512,8192,25,100000.0,0.624,0.9,0.008,12.0,0.12,100,0.0,2.0,6.0,,,,,15,15,output_nm,100805;105469;130471;135135;143455;145992;153768;159302;167029;167815;286038;360177;479728;527875;733579
512,8192,25,1600000.0,0.624,0.9,0.008,12.0,0.12,100,0.0,2.0,6.0,,,,,7,7,output_nm,100805;130471;135135;143455;145992;159302;360177
768,512,64,500000.0,0.624,0.9,0.008,12.0,0.12,100,0.0,2.0,6.0,,,,,13,13,output_nm,100805;130471;135135;143455;153768;159302;167029;167815;286038;360177;479728;527875;733579
768,768,25,10000.0,0.624,0.9,0.008,12.0,0.12,100,0.0,2.0,,30.0,30.0,3.5,7.0,13,13,output_nm,100805;105469;130471;143455;145992;159302;167029;167815;286038;360177;479728;527875;733579
768,768,36,10000.0,0.624,0.9,0.008,12.0,0.12,100,0.0,2.0,,30.0,30.0,5.0,,15,15,output_nm,100805;105469;130471;135135;143455;145992;153768;159302;167029;167815;286038;360177;479728;527875;733579
1024,512,25,,0.624,0.9,0.008,12.0,0.12,100,0.0,,,,,,,15,15,output,100805;105469;130471;135135;143455;145992;153768;159302;167029;167815;286038;360177;479728;527875;733579
1024,512,25,1000.0,0.624,0.9,0.008,12.0,0.12,100,0.0,,,,,,,15,15,output_nm,100805;105469;130471;135135;143455;145992;153768;159302;167029;167815;286038;360177;479728;527875;733579
1024,512,25,3000.0,0.624,0.9,0.008,12.0,0.12,100,0.0,,,,,,,15,15,output_nm,100805;105469;130471;135135;143455;145992;153768;159302;167029;167815;286038;360177;479728;527875;733579
1024,512,25,5000.0,0.624,0.9,0.008,12.0,0.12,100,0.0,,,,,,,15,15,output_nm,100805;105469;130471;135135;143455;145992;153768;159302;167029;167815;286038;360177;479728;527875;733579
1024,512,25,7000.0,0.624,0.9,0.008,12.0,0.12,100,0.0,,,,,,,15,15,output_nm,100805;105469;130471;135135;143455;145992;153768;159302;167029;167815;286038;360177;479728;527875;733579
1024,512,25,10000.0,0.624,0.9,0.008,12.0,0.12,100,0.0,2.0,,,,,,15,15,output_nm,100805;105469;130471;135135;143455;145992;153768;159302;167029;167815;286038;360177;479728;527875;733579
1024,512,25,10000.0,0.624,0.9,0.008,12.0,0.12,100,0.0,,,,,,,15,15,output_nm,100805;105469;130471;135135;143455;145992;153768;159302;167029;167815;286038;360177;479728;527875;733579
1024,512,25,50000.0,0.624,0.9,0.008,12.0,0.12,100,0.0,,,,,,,15,15,output_nm,100805;105469;130471;135135;143455;145992;153768;159302;167029;167815;286038;360177;479728;527875;733579
1024,512,25,100000.0,0.624,0.9,0.008,12.0,0.12,100,0.0,2.0,1.0,,,,,15,15,output_nm,100805;105469;130471;135135;143455;145992;153768;159302;167029;167815;286038;360177;479728;527875;733579
1024,512,25,100000.0,0.624,0.9,0.008,12.0,0.12,100,0.0,2.0,2.0,,,,,15,15,output_nm,100805;105469;130471;135135;143455;145992;153768;159302;167029;167815;286038;360177;479728;527875;733579
1024,512,25,100000.0,0.624,0.9,0.008,12.0,0.12,100,0.0,2.0,3.0,,,,,15,15,output_nm,100805;105469;130471;135135;143455;145992;153768;159302;167029;167815;286038;360177;479728;527875;733579
1024,512,25,100000.0,0.624,0.9,0.008,12.0,0.12,100,0.0,2.0,6.0,,,,,15,15,output_nm,100805;105469;130471;135135;143455;145992;153768;159302;167029;167815;286038;360177;479728;527875;733579
1024,512,25,100000.0,0.624,0.9,0.008,12.0,0.12,100,0.0,,,,,,,15,15,output_nm,100805;105469;130471;135135;143455;145992;153768;159302;167029;167815;286038;360177;479728;527875;733579
1024,512,25,100000.0,0.624,0.9,0.008,12.0,0.12,100,0.049526,2.0,6.0,,,,,15,15,output_nm,100805;105469;130471;135135;143455;145992;153768;159302;167029;167815;286038;360177;479728;527875;733579
1024,512,25,100000.0,0.624,0.9,0.008,12.0,0.12,100,0.099052,2.0,6.0,,,,,15,15,output_nm,100805;105469;130471;135135;143455;145992;153768;159302;167029;167815;286038;360177;479728;527875;733579
1024,512,25,100000.0,0.624,0.9,0.008,12.0,0.12,100,0.148577,2.0,6.0,,,,,15,15,output_nm,100805;105469;130471;135135;143455;145992;153768;159302;167029;167815;286038;360177;479728;527875;733579
1024,512,25,100000.0,0.624,0.9,0.008,12.0,0.12,100,0.180094,2.0,6.0,,,,,15,15,output_nm,100805;105469;130471;135135;143455;145992;153768;159302;167029;167815;286038;360177;479728;527875;733579
1024,512,25,100000.0,0.624,0.9,0.008,12.0,0.12,100,0.360187,2.0,6.0,,,,,15,15,output_nm,100805;105469;130471;135135;143455;145992;153768;159302;167029;167815;286038;360177;479728;527875;733579
1024,512,25,100000.0,0.624,0.9,0.008,12.0,0.12,100,0.540281,2.0,6.0,,,,,15,15,output_nm,100805;105469;130471;135135;143455;145992;153768;159302;167029;167815;286038;360177;479728;527875;733579
1024,512,25,100000.0,0.624,0.9,0.008,12.0,0.12,100,0.720375,2.0,6.0,,,,,15,15,output_nm,100805;105469;130471;135135;143455;145992;153768;159302;167029;167815;286038;360177;479728;527875;733579
1024,512,25,100000.0,0.624,0.9,0.008,12.0,0.12,100,0.900468,2.0,6.0,,,,,15,15,output_nm,100805;105469;130471;135135;143455;145992;153768;159302;167029;167815;286038;360177;479728;527875;733579
1024,512,25,100000.0,0.624,0.9,0.008,12.0,0.12,100,1.080562,2.0,6.0,,,,,15,15,output_nm,100805;105469;130471;135135;143455;145992;153768;159302;167029;167815;286038;360177;479728;527875;733579
1024,512,25,100000.0,0.624,0.9,0.008,12.0,0.12,100,1.260655,2.0,6.0,,,,,11,11,output_nm,100805;105469;130471;135135;143455;145992;153768;159302;167029;167815;479728
1024,512,25,100000.0,0.624,0.9,0.008,12.0,0.12,100,1.440749,2.0,6.0,,,,,10,10,output_nm,100805;105469;130471;135135;143455;145992;153768;159302;167029;167815
1024,512,25,100000.0,0.624,0.9,0.008,12.0,0.12,100,1.620843,2.0,6.0,,,,,9,9,output_nm,100805;105469;130471;135135;145992;153768;159302;167029;167815
1024,512,25,100000.0,0.624,0.9,0.008,12.0,0.12,100,1.800936,2.0,6.0,,,,,8,8,output_nm,105469;130471;135135;145992;153768;159302;167029;167815
1024,512,25,100000.0,0.624,0.9,0.008,12.0,0.12,100,1.98103,2.0,6.0,,,,,7,7,output_nm,105469;135135;145992;153768;159302;167029;167815
1024,512,64,250000.0,0.624,0.9,0.008,12.0,0.12,100,0.0,2.0,6.0,,,,,15,15,output_nm,100805;105469;130471;135135;143455;145992;153768;159302;167029;167815;286038;360177;479728;527875;733579
1024,512,64,500000.0,0.624,0.9,0.008,12.0,0.12,100,0.0,2.0,6.0,,,,,12,12,output_nm,100805;105469;130471;135135;143455;145992;153768;159302;167029;167815;286038;360177
1024,512,64,895000.0,0.624,0.9,0.008,12.0,0.12,100,0.0,2.0,6.0,,,,,15,15,output_nm,100805;105469;130471;135135;143455;145992;153768;159302;167029;167815;286038;360177;479728;527875;733579
1024,1024,25,10000.0,0.624,0.9,0.008,12.0,0.12,100,0.0,2.0,,40.0,40.0,3.5,7.0,9,9,output_nm,100805;135135;143455;145992;286038;360177;479728;527875;733579
1024,1024,50,10000.0,0.624,0.9,0.008,12.0,0.12,100,0.0,2.0,,40.0,40.0,7.0,,14,14,output_nm,105469;130471;135135;143455;145992;153768;159302;167029;167815;286038;360177;479728;527875;733579
2048,512,64,250000.0,0.624,0.9,0.008,12.0,0.12,100,0.0,2.0,6.0,,,,,9,9,output_nm,130471;135135;145992;167815;286038;360177;479728;527875;733579
2048,512,64,1790000.0,0.624,0.9,0.008,12.0,0.12,100,0.0,2.0,6.0,,,,,15,15,output_nm,100805;105469;130471;135135;143455;145992;153768;159302;167029;167815;286038;360177;479728;527875;733579
4096,512,64,250000.0,0.624,0.9,0.008,12.0,0.12,100,0.0,2.0,6.0,,,,,4,4,output_nm,360177;479728;527875;733579
512,512,25,,0.624,1.0,0.008,12.0,0.12,100,0.0,,,,,,,15,15,output,100805;105469;130471;135135;143455;145992;153768;159302;167029;167815;286038;360177;479728;527875;733579
512,512,25,,0.624,1.0,0.008,12.0,0.12,100,0.1891,,,,,,,15,15,output,100805;105469;130471;135135;143455;145992;153768;159302;167029;167815;286038;360177;479728;527875;733579
512,512,25,,0.624,1.0,0.008,12.0,0.12,100,0.5673,,,,,,,15,15,output,100805;105469;130471;135135;143455;145992;153768;159302;167029;167815;286038;360177;479728;527875;733579
512,512,25,,0.624,1.0,0.008,12.0,0.12,100,0.9455,,,,,,,15,15,output,100805;105469;130471;135135;143455;145992;153768;159302;167029;167815;286038;360177;479728;527875;733579
512,512,25,,0.624,1.0,0.008,12.0,0.12,100,1.891,,,,,,,15,15,output,100805;105469;130471;135135;143455;145992;153768;159302;167029;167815;286038;360177;479728;527875;733579
512,512,25,,0.624,1.0,0.008,12.0,0.12,100,2.8365,,,,,,,15,15,output,100805;105469;130471;135135;143455;145992;153768;159302;167029;167815;286038;360177;479728;527875;733579
512,512,25,,0.624,1.0,0.008,12.0,0.12,100,3.782,,,,,,,15,15,output,100805;105469;130471;135135;143455;145992;153768;159302;167029;167815;286038;360177;479728;527875;733579
512,512,25,,0.624,0.1,0.01,12.0,0.12,100,0.0,,,,,,,15,15,output,100805;105469;130471;135135;143455;145992;153768;159302;167029;167815;286038;360177;479728;527875;733579
512,512,25,,0.624,0.2,0.01,12.0,0.12,100,0.0,,,,,,,15,15,output,100805;105469;130471;135135;143455;145992;153768;159302;167029;167815;286038;360177;479728;527875;733579
512,512,25,,0.624,0.3,0.01,12.0,0.12,100,0.0,,,,,,,30,30,output,100805;105469;105648;130471;135135;143455;145992;153768;159302;167029;167815;238461;274935;286038;352871;360177;394826;479728;496023;512837;527875;591734;648219;689421;723546;733579;745198;817354;893274;902156
512,512,25,,0.624,0.9,0.01,12.0,0.12,100,0.0,,,,,,,30,30,output,100805;105469;105648;130471;135135;143455;145992;153768;159302;167029;167815;238461;274935;286038;352871;360177;394826;479728;496023;512837;527875;591734;648219;689421;723546;733579;745198;817354;893274;902156
512,512,25,,0.624,1.0,0.01,12.0,0.12,100,0.0,,,,,,,15,15,output,100805;105469;130471;135135;143455;145992;153768;159302;167029;167815;286038;360177;479728;527875;733579
512,512,25,,0.624,1.0,0.01,12.0,0.12,100,0.2215,,,,,,,15,15,output,100805;105469;130471;135135;143455;145992;153768;159302;167029;167815;286038;360177;479728;527875;733579
512,512,25,,0.624,1.0,0.01,12.0,0.12,100,0.6645,,,,,,,15,15,output,100805;105469;130471;135135;143455;145992;153768;159302;167029;167815;286038;360177;479728;527875;733579
512,512,25,,0.624,1.0,0.01,12.0,0.12,100,1.1075,,,,,,,15,15,output,100805;105469;130471;135135;143455;145992;153768;159302;167029;167815;286038;360177;479728;527875;733579
512,512,25,,0.624,1.0,0.01,12.0,0.12,100,2.215,,,,,,,15,15,output,100805;105469;130471;135135;143455;145992;153768;159302;167029;167815;286038;360177;479728;527875;733579
512,512,25,,0.624,1.0,0.01,12.0,0.12,100,3.3225,,,,,,,15,15,output,100805;105469;130471;135135;143455;145992;153768;159302;167029;167815;286038;360177;479728;527875;733579
512,512,25,,0.624,1.0,0.01,12.0,0.12,100,4.43,,,,,,,15,15,output,100805;105469;130471;135135;143455;145992;153768;159302;167029;167815;286038;360177;479728;527875;733579
512,32,64,14000.0,0.624,0.9,0.012,12.0,0.12,100,0.0,2.0,6.0,,,,,15,15,output_nm,100805;105469;130471;135135;143455;145992;153768;159302;167029;167815;286038;360177;479728;527875;733579
512,32,64,50000.0,0.624,0.9,0.012,12.0,0.12,100,0.0,2.0,6.0,,,,,15,15,output_nm,100805;105469;130471;135135;143455;145992;153768;159302;167029;167815;286038;360177;479728;527875;733579
512,64,64,28000.0,0.624,0.9,0.012,12.0,0.12,100,0.0,2.0,6.0,,,,,15,15,output_nm,100805;105469;130471;135135;143455;145992;153768;159302;167029;167815;286038;360177;479728;527875;733579
512,64,64,250000.0,0.624,0.9,0.012,12.0,0.12,100,0.0,2.0,6.0,,,,,15,15,output_nm,100805;105469;130471;135135;143455;145992;153768;159302;167029;167815;286038;360177;479728;527875;733579
512,128,64,56000.0,0.624,0.9,0.012,12.0,0.12,100,0.0,2.0,6.0,,,,,15,15,output_nm,100805;105469;130471;135135;143455;145992;153768;159302;167029;167815;286038;360177;479728;527875;733579
512,128,64,70000.0,0.624,0.9,0.012,12.0,0.12,100,0.0,2.0,6.0,,,,,3,3,output_nm,479728;527875;733579
512,128,64,250000.0,0.624,0.9,0.012,12.0,0.12,100,0.0,2.0,6.0,,,,,15,15,output_nm,100805;105469;130471;135135;143455;145992;153768;159302;167029;167815;286038;360177;479728;527875;733579
512,256,64,140000.0,0.624,0.9,0.012,12.0,0.12,100,0.0,2.0,6.0,,,,,15,15,output_nm,100805;105469;130471;135135;143455;145992;153768;159302;167029;167815;286038;360177;479728;527875;733579
512,256,64,250000.0,0.624,0.9,0.012,12.0,0.12,100,0.0,2.0,6.0,,,,,15,15,output_nm,100805;105469;130471;135135;143455;145992;153768;159302;167029;167815;286038;360177;479728;527875;733579
512,512,25,10000.0,0.624,0.9,0.012,12.0,0.12,100,0.0,2.0,2.0,,,,,15,15,output_nm,100805;105469;130471;135135;143455;145992;153768;159302;167029;167815;286038;360177;479728;527875;733579
512,512,25,10000.0,0.624,0.9,0.012,12.0,0.12,100,0.0,2.0,3.0,,,,,13,13,output_nm,100805;105469;130471;135135;143455;145992;153768;159302;167029;167815;360177;527875;733579
512,512,25,100000.0,0.624,0.9,0.012,12.0,0.12,100,0.0,2.0,0.5,,,,,15,15,output_nm,100805;105469;130471;135135;143455;145992;153768;159302;167029;167815;286038;360177;479728;527875;733579
512,512,25,100000.0,0.624,0.9,0.012,12.0,0.12,100,0.0,2.0,1.0,,,,,15,15,output_nm,100805;105469;130471;135135;143455;145992;153768;159302;167029;167815;286038;360177;479728;527875;733579
512,512,25,100000.0,0.624,0.9,0.012,12.0,0.12,100,0.0,2.0,2.0,,,,,15,15,output_nm,100805;105469;130471;135135;143455;145992;153768;159302;167029;167815;286038;360177;479728;527875;733579
512,512,25,100000.0,0.624,0.9,0.012,12.0,0.12,100,0.0,2.0,3.0,,,,,15,15,output_nm,100805;105469;130471;135135;143455;145992;153768;159302;167029;167815;286038;360177;479728;527875;733579
512,512,25,100000.0,0.624,0.9,0.012,12.0,0.12,100,0.0,2.0,6.0,,,,,15,15,output_nm,100805;105469;130471;135135;143455;145992;153768;159302;167029;167815;286038;360177;479728;527875;733579
512,512,64,50000.0,0.624,0.9,0.012,12.0,0.12,100,0.0,2.0,6.0,,,,,15,15,output_nm,100805;105469;130471;135135;143455;145992;153768;159302;167029;167815;286038;360177;479728;527875;733579
512,512,64,100000.0,0.624,0.9,0.012,12.0,0.12,100,0.0,2.0,6.0,,,,,15,15,output_nm,100805;105469;130471;135135;143455;145992;153768;159302;167029;167815;286038;360177;479728;527875;733579
512,512,64,250000.0,0.624,0.9,0.012,12.0,0.12,100,0.0,2.0,6.0,,,,,15,15,output_nm,100805;105469;130471;135135;143455;145992;153768;159302;167029;167815;286038;360177;479728;527875;733579
512,512,64,500000.0,0.624,0.9,0.012,12.0,0.12,100,0.0,2.0,6.0,,,,,15,15,output_nm,100805;105469;130471;135135;143455;145992;153768;159302;167029;167815;286038;360177;479728;527875;733579
512,512,64,1000000.0,0.624,0.9,0.012,12.0,0.12,100,0.0,2.0,6.0,,,,,11,11,output_nm,100805;135135;143455;153768;159302;167029;167815;286038;360177;527875;733579
512,512,25,,0.624,0.1,0.015,12.0,0.12,100,0.0,,,,,,,15,15,output,100805;105469;130471;135135;143455;145992;153768;159302;167029;167815;286038;360177;479728;527875;733579
512,512,25,,0.624,0.2,0.015,12.0,0.12,100,0.0,,,,,,,15,15,output,100805;105469;130471;135135;143455;145992;153768;159302;167029;167815;286038;360177;479728;527875;733579
512,512,25,,0.624,0.3,0.015,12.0,0.12,100,0.0,,,,,,,30,30,output,100805;105469;105648;130471;135135;143455;145992;153768;159302;167029;167815;238461;274935;286038;352871;360177;394826;479728;496023;512837;527875;591734;648219;689421;723546;733579;745198;817354;893274;902156
512,512,25,,0.624,0.9,0.015,12.0,0.12,100,0.0,,,,,,,25,25,output,100805;105469;105648;130471;135135;143455;145992;153768;159302;167029;167815;238461;286038;352871;360177;394826;479728;496023;512837;527875;648219;723546;733579;817354;902156
512,512,25,,0.624,1.0,0.015,12.0,0.12,100,0.0,,,,,,,15,15,output,100805;105469;130471;135135;143455;145992;153768;159302;167029;167815;286038;360177;479728;527875;733579
512,512,25,,0.624,1.0,0.015,12.0,0.12,100,0.2713,,,,,,,15,15,output,100805;105469;130471;135135;143455;145992;153768;159302;167029;167815;286038;360177;479728;527875;733579
512,512,25,,0.624,1.0,0.015,12.0,0.12,100,0.8139,,,,,,,15,15,output,100805;105469;130471;135135;143455;145992;153768;159302;167029;167815;286038;360177;479728;527875;733579
512,512,25,,0.624,1.0,0.015,12.0,0.12,100,1.3565,,,,,,,15,15,output,100805;105469;130471;135135;143455;145992;153768;159302;167029;167815;286038;360177;479728;527875;733579
512,512,25,,0.624,1.0,0.015,12.0,0.12,100,2.713,,,,,,,15,15,output,100805;105469;130471;135135;143455;145992;153768;159302;167029;167815;286038;360177;479728;527875;733579
512,512,25,,0.624,1.0,0.015,12.0,0.12,100,4.0695,,,,,,,15,15,output,100805;105469;130471;135135;143455;145992;153768;159302;167029;167815;286038;360177;479728;527875;733579
512,512,25,,0.624,1.0,0.015,12.0,0.12,100,5.426,,,,,,,15,15,output,100805;105469;130471;135135;143455;145992;153768;159302;167029;167815;286038;360177;479728;527875;733579
128,512,25,5000.0,0.624,0.9,0.016,12.0,0.12,100,0.0,3.0,6.0,,,,,15,15,output_nm,100805;105469;130471;135135;143455;145992;153768;159302;167029;167815;286038;360177;479728;527875;733579
128,512,25,10000.0,0.624,0.9,0.016,12.0,0.12,100,0.0,2.0,,,,,,15,15,output_nm,100805;105469;130471;135135;143455;145992;153768;159302;167029;167815;286038;360177;479728;527875;733579
128,512,25,10000.0,0.624,0.9,0.016,12.0,0.12,100,0.0,3.0,,,,,,15,15,output_nm,100805;105469;130471;135135;143455;145992;153768;159302;167029;167815;286038;360177;479728;527875;733579
128,512,25,50000.0,0.624,0.9,0.016,12.0,0.12,100,0.0,3.0,6.0,,,,,15,15,output_nm,100805;105469;130471;135135;143455;145992;153768;159302;167029;167815;286038;360177;479728;527875;733579
128,512,25,100000.0,0.624,0.9,0.016,12.0,0.12,100,0.0,2.0,1.0,,,,,15,15,output_nm,100805;105469;130471;135135;143455;145992;153768;159302;167029;167815;286038;360177;479728;527875;733579
128,512,25,100000.0,0.624,0.9,0.016,12.0,0.12,100,0.0,2.0,2.0,,,,,15,15,output_nm,100805;105469;130471;135135;143455;145992;153768;159302;167029;167815;286038;360177;479728;527875;733579
128,512,25,100000.0,0.624,0.9,0.016,12.0,0.12,100,0.0,2.0,3.0,,,,,15,15,output_nm,100805;105469;130471;135135;143455;145992;153768;159302;167029;167815;286038;360177;479728;527875;733579
128,512,25,100000.0,0.624,0.9,0.016,12.0,0.12,100,0.0,2.0,6.0,,,,,15,15,output_nm,100805;105469;130471;135135;143455;145992;153768;159302;167029;167815;286038;360177;479728;527875;733579
256,512,25,5000.0,0.624,0.9,0.016,12.0,0.12,100,0.0,3.0,6.0,,,,,15,15,output_nm,100805;105469;130471;135135;143455;145992;153768;159302;167029;167815;286038;360177;479728;527875;733579
256,512,25,10000.0,0.624,0.9,0.016,12.0,0.12,100,0.0,2.0,,,,,,15,15,output_nm,100805;105469;130471;135135;143455;145992;153768;159302;167029;167815;286038;360177;479728;527875;733579
256,512,25,10000.0,0.624,0.9,0.016,12.0,0.12,100,0.0,3.0,,,,,,15,15,output_nm,100805;105469;130471;135135;143455;145992;153768;159302;167029;167815;286038;360177;479728;527875;733579
256,512,25,50000.0,0.624,0.9,0.016,12.0,0.12,100,0.0,3.0,6.0,,,,,15,15,output_nm,100805;105469;130471;135135;143455;145992;153768;159302;167029;167815;286038;360177;479728;527875;733579
256,512,25,100000.0,0.624,0.9,0.016,12.0,0.12,100,0.0,2.0,6.0,,,,,15,15,output_nm,100805;105469;130471;135135;143455;145992;153768;159302;167029;167815;286038;360177;479728;527875;733579
512,32,64,8790.0,0.624,0.9,0.016,12.0,0.12,100,0.0,2.0,6.0,,,,,15,15,output_nm,100805;105469;130471;135135;143455;145992;153768;159302;167029;167815;286038;360177;479728;527875;733579
512,32,64,50000.0,0.624,0.9,0.016,12.0,0.12,100,0.0,2.0,6.0,,,,,15,15,output_nm,100805;105469;130471;135135;143455;145992;153768;159302;167029;167815;286038;360177;479728;527875;733579
512,64,64,250000.0,0.624,0.9,0.016,12.0,0.12,100,0.0,2.0,6.0,,,,,15,15,output_nm,100805;105469;130471;135135;143455;145992;153768;159302;167029;167815;286038;360177;479728;527875;733579
512,128,64,250000.0,0.624,0.9,0.016,12.0,0.12,100,0.0,2.0,6.0,,,,,15,15,output_nm,100805;105469;130471;135135;143455;145992;153768;159302;167029;167815;286038;360177;479728;527875;733579
512,256,64,250000.0,0.624,0.9,0.016,12.0,0.12,100,0.0,2.0,6.0,,,,,15,15,output_nm,100805;105469;130471;135135;143455;145992;153768;159302;167029;167815;286038;360177;479728;527875;733579
512,512,25,10000.0,0.624,0.9,0.016,12.0,0.12,100,0.0,2.0,2.0,,,,,15,15,output_nm,100805;105469;130471;135135;143455;145992;153768;159302;167029;167815;286038;360177;479728;527875;733579
512,512,25,10000.0,0.624,0.9,0.016,12.0,0.12,100,0.0,2.0,,20.0,20.0,3.5,,15,15,output_nm,100805;105469;130471;135135;143455;145992;153768;159302;167029;167815;286038;360177;479728;527875;733579
512,512,25,10000.0,0.624,0.9,0.016,12.0,0.12,100,0.0,2.0,,30.0,30.0,5.0,,15,15,output_nm,100805;105469;130471;135135;143455;145992;153768;159302;167029;167815;286038;360177;479728;527875;733579
512,512,25,10000.0,0.624,0.9,0.016,12.0,0.12,100,0.0,2.0,,40.0,40.0,7.0,,15,15,output_nm,100805;105469;130471;135135;143455;145992;153768;159302;167029;167815;286038;360177;479728;527875;733579
512,512,25,10000.0,0.624,0.9,0.016,12.0,0.12,100,0.0,2.0,,,,,,15,15,output_nm,100805;105469;130471;135135;143455;145992;153768;159302;167029;167815;286038;360177;479728;527875;733579
512,512,25,10000.0,0.624,0.9,0.016,12.0,0.12,100,0.0,3.0,6.0,,,,,15,15,output_nm,100805;105469;130471;135135;143455;145992;153768;159302;167029;167815;286038;360177;479728;527875;733579
512,512,25,100000.0,0.624,0.9,0.016,12.0,0.12,100,0.0,2.0,0.5,,,,,15,15,output_nm,100805;105469;130471;135135;143455;145992;153768;159302;167029;167815;286038;360177;479728;527875;733579
512,512,25,100000.0,0.624,0.9,0.016,12.0,0.12,100,0.0,2.0,1.0,,,,,15,15,output_nm,100805;105469;130471;135135;143455;145992;153768;159302;167029;167815;286038;360177;479728;527875;733579
512,512,25,100000.0,0.624,0.9,0.016,12.0,0.12,100,0.0,2.0,2.0,,,,,15,15,output_nm,100805;105469;130471;135135;143455;145992;153768;159302;167029;167815;286038;360177;479728;527875;733579
512,512,25,100000.0,0.624,0.9,0.016,12.0,0.12,100,0.0,2.0,3.0,,,,,15,15,output_nm,100805;105469;130471;135135;143455;145992;153768;159302;167029;167815;286038;360177;479728;527875;733579
512,512,25,100000.0,0.624,0.9,0.016,12.0,0.12,100,0.0,2.0,6.0,,,,,15,15,output_nm,100805;105469;130471;135135;143455;145992;153768;159302;167029;167815;286038;360177;479728;527875;733579
512,512,64,250000.0,0.624,0.9,0.016,12.0,0.12,100,0.0,2.0,6.0,,,,,15,15,output_nm,100805;105469;130471;135135;143455;145992;153768;159302;167029;167815;286038;360177;479728;527875;733579
512,1024,25,10000.0,0.624,0.9,0.016,12.0,0.12,100,0.0,2.0,,,,,,15,15,output_nm,100805;105469;130471;135135;143455;145992;153768;159302;167029;167815;286038;360177;479728;527875;733579
768,768,25,10000.0,0.624,0.9,0.016,12.0,0.12,100,0.0,2.0,,30.0,30.0,3.5,7.0,13,13,output_nm,100805;105469;130471;143455;145992;159302;167029;167815;286038;360177;479728;527875;733579
768,768,36,10000.0,0.624,0.9,0.016,12.0,0.12,100,0.0,2.0,,30.0,30.0,5.0,,15,15,output_nm,100805;105469;130471;135135;143455;145992;153768;159302;167029;167815;286038;360177;479728;527875;733579
1024,512,25,10000.0,0.624,0.9,0.016,12.0,0.12,100,0.0,2.0,,,,,,15,15,output_nm,100805;105469;130471;135135;143455;145992;153768;159302;167029;167815;286038;360177;479728;527875;733579
1024,512,25,100000.0,0.624,0.9,0.016,12.0,0.12,100,0.0,2.0,1.0,,,,,15,15,output_nm,100805;105469;130471;135135;143455;145992;153768;159302;167029;167815;286038;360177;479728;527875;733579
1024,512,25,100000.0,0.624,0.9,0.016,12.0,0.12,100,0.0,2.0,2.0,,,,,15,15,output_nm,100805;105469;130471;135135;143455;145992;153768;159302;167029;167815;286038;360177;479728;527875;733579
1024,512,25,100000.0,0.624,0.9,0.016,12.0,0.12,100,0.0,2.0,3.0,,,,,15,15,output_nm,100805;105469;130471;135135;143455;145992;153768;159302;167029;167815;286038;360177;479728;527875;733579
1024,1024,25,10000.0,0.624,0.9,0.016,12.0,0.12,100,0.0,2.0,,40.0,40.0,3.5,7.0,9,9,output_nm,100805;135135;143455;145992;286038;360177;479728;527875;733579
1024,1024,50,10000.0,0.624,0.9,0.016,12.0,0.12,100,0.0,2.0,,40.0,40.0,7.0,,14,14,output_nm,100805;105469;130471;135135;143455;145992;153768;159302;167029;286038;360177;479728;527875;733579
512,512,25,,0.624,0.1,0.02,12.0,0.12,100,0.0,,,,,,,15,15,output,100805;105469;130471;135135;143455;145992;153768;159302;167029;167815;286038;360177;479728;527875;733579
512,512,25,,0.624,0.2,0.02,12.0,0.12,100,0.0,,,,,,,15,15,output,100805;105469;130471;135135;143455;145992;153768;159302;167029;167815;286038;360177;479728;527875;733579
512,512,25,,0.624,0.3,0.02,12.0,0.12,100,0.0,,,,,,,30,30,output,100805;105469;105648;130471;135135;143455;145992;153768;159302;167029;167815;238461;274935;286038;352871;360177;394826;479728;496023;512837;527875;591734;648219;689421;723546;733579;745198;817354;893274;902156
512,512,25,,0.624,0.4,0.02,12.0,0.12,100,0.0,,,,,,,15,15,output,100805;105469;130471;135135;143455;145992;153768;159302;167029;167815;286038;360177;479728;527875;733579
512,512,25,,0.624,0.5,0.02,12.0,0.12,100,0.0,,,,,,,15,15,output,100805;105469;130471;135135;143455;145992;153768;159302;167029;167815;286038;360177;479728;527875;733579
512,512,25,,0.624,0.6,0.02,12.0,0.12,100,0.0,,,,,,,15,15,output,100805;105469;130471;135135;143455;145992;153768;159302;167029;167815;286038;360177;479728;527875;733579
512,512,25,,0.624,0.7,0.02,12.0,0.12,100,0.0,,,,,,,15,15,output,100805;105469;130471;135135;143455;145992;153768;159302;167029;167815;286038;360177;479728;527875;733579
512,512,25,,0.624,0.8,0.02,12.0,0.12,100,0.0,,,,,,,15,15,output,100805;105469;130471;135135;143455;145992;153768;159302;167029;167815;286038;360177;479728;527875;733579
32,512,64,250000.0,0.624,0.9,0.02,12.0,0.12,100,0.0,2.0,6.0,,,,,15,15,output_nm,100805;105469;130471;135135;143455;145992;153768;159302;167029;167815;286038;360177;479728;527875;733579
64,512,64,250000.0,0.624,0.9,0.02,12.0,0.12,100,0.0,2.0,6.0,,,,,15,15,output_nm,100805;105469;130471;135135;143455;145992;153768;159302;167029;167815;286038;360177;479728;527875;733579
128,512,25,5000.0,0.624,0.9,0.02,12.0,0.12,100,0.0,3.0,6.0,,,,,15,15,output_nm,100805;105469;130471;135135;143455;145992;153768;159302;167029;167815;286038;360177;479728;527875;733579
128,512,25,10000.0,0.624,0.9,0.02,12.0,0.12,100,0.0,2.0,,,,,,15,15,output_nm,100805;105469;130471;135135;143455;145992;153768;159302;167029;167815;286038;360177;479728;527875;733579
128,512,25,10000.0,0.624,0.9,0.02,12.0,0.12,100,0.0,3.0,,,,,,15,15,output_nm,100805;105469;130471;135135;143455;145992;153768;159302;167029;167815;286038;360177;479728;527875;733579
128,512,25,50000.0,0.624,0.9,0.02,12.0,0.12,100,0.0,3.0,6.0,,,,,15,15,output_nm,100805;105469;130471;135135;143455;145992;153768;159302;167029;167815;286038;360177;479728;527875;733579
128,512,25,100000.0,0.624,0.9,0.02,12.0,0.12,100,0.0,2.0,1.0,,,,,15,15,output_nm,100805;105469;130471;135135;143455;145992;153768;159302;167029;167815;286038;360177;479728;527875;733579
128,512,25,100000.0,0.624,0.9,0.02,12.0,0.12,100,0.0,2.0,2.0,,,,,15,15,output_nm,100805;105469;130471;135135;143455;145992;153768;159302;167029;167815;286038;360177;479728;527875;733579
128,512,25,100000.0,0.624,0.9,0.02,12.0,0.12,100,0.0,2.0,3.0,,,,,15,15,output_nm,100805;105469;130471;135135;143455;145992;153768;159302;167029;167815;286038;360177;479728;527875;733579
128,512,25,100000.0,0.624,0.9,0.02,12.0,0.12,100,0.0,2.0,6.0,,,,,15,15,output_nm,100805;105469;130471;135135;143455;145992;153768;159302;167029;167815;286038;360177;479728;527875;733579
128,512,64,250000.0,0.624,0.9,0.02,12.0,0.12,100,0.0,2.0,6.0,,,,,15,15,output_nm,100805;105469;130471;135135;143455;145992;153768;159302;167029;167815;286038;360177;479728;527875;733579
128,512,64,315000.0,0.624,0.9,0.02,12.0,0.12,100,0.0,2.0,6.0,,,,,15,15,output_nm,100805;105469;130471;135135;143455;145992;153768;159302;167029;167815;286038;360177;479728;527875;733579
256,512,25,5000.0,0.624,0.9,0.02,12.0,0.12,100,0.0,3.0,6.0,,,,,15,15,output_nm,100805;105469;130471;135135;143455;145992;153768;159302;167029;167815;286038;360177;479728;527875;733579
256,512,25,10000.0,0.624,0.9,0.02,12.0,0.12,100,0.0,2.0,,,,,,15,15,output_nm,100805;105469;130471;135135;143455;145992;153768;159302;167029;167815;286038;360177;479728;527875;733579
256,512,25,10000.0,0.624,0.9,0.02,12.0,0.12,100,0.0,3.0,,,,,,15,15,output_nm,100805;105469;130471;135135;143455;145992;153768;159302;167029;167815;286038;360177;479728;527875;733579
256,512,25,50000.0,0.624,0.9,0.02,12.0,0.12,100,0.0,3.0,6.0,,,,,15,15,output_nm,100805;105469;130471;135135;143455;145992;153768;159302;167029;167815;286038;360177;479728;527875;733579
256,512,25,100000.0,0.624,0.9,0.02,12.0,0.12,100,0.0,2.0,6.0,,,,,15,15,output_nm,100805;105469;130471;135135;143455;145992;153768;159302;167029;167815;286038;360177;479728;527875;733579
256,512,64,250000.0,0.624,0.9,0.02,12.0,0.12,100,0.0,2.0,6.0,,,,,15,15,output_nm,100805;105469;130471;135135;143455;145992;153768;159302;167029;167815;286038;360177;479728;527875;733579
256,512,64,315000.0,0.624,0.9,0.02,12.0,0.12,100,0.0,2.0,6.0,,,,,7,7,output_nm,100805;105469;130471;135135;143455;145992;153768
384,512,64,250000.0,0.624,0.9,0.02,12.0,0.12,100,0.0,2.0,6.0,,,,,15,15,output_nm,100805;105469;130471;135135;143455;145992;153768;159302;167029;167815;286038;360177;479728;527875;733579
512,32,64,6000.0,0.624,0.9,0.02,12.0,0.12,100,0.0,2.0,6.0,,,,,15,15,output_nm,100805;105469;130471;135135;143455;145992;153768;159302;167029;167815;286038;360177;479728;527875;733579
512,32,64,50000.0,0.624,0.9,0.02,12.0,0.12,100,0.0,2.0,6.0,,,,,15,15,output_nm,100805;105469;130471;135135;143455;145992;153768;159302;167029;167815;286038;360177;479728;527875;733579
512,64,64,12000.0,0.624,0.9,0.02,12.0,0.12,100,0.0,2.0,6.0,,,,,15,15,output_nm,100805;105469;130471;135135;143455;145992;153768;159302;167029;167815;286038;360177;479728;527875;733579
512,64,64,40000.0,0.624,0.9,0.02,12.0,0.12,100,0.0,2.0,6.0,,,,,9,9,output_nm,153768;159302;167029;167815;286038;360177;479728;527875;733579
512,64,64,250000.0,0.624,0.9,0.02,12.0,0.12,100,0.0,2.0,6.0,,,,,15,15,output_nm,100805;105469;130471;135135;143455;145992;153768;159302;167029;167815;286038;360177;479728;527875;733579
512,128,25,25000.0,0.624,0.9,0.02,12.0,0.12,100,0.0,2.0,6.0,,,,,15,15,output_nm,100805;105469;130471;135135;143455;145992;153768;159302;167029;167815;286038;360177;479728;527875;733579
512,128,64,24000.0,0.624,0.9,0.02,12.0,0.12,100,0.0,2.0,6.0,,,,,15,15,output_nm,100805;105469;130471;135135;143455;145992;153768;159302;167029;167815;286038;360177;479728;527875;733579
512,128,64,50000.0,0.624,0.9,0.02,12.0,0.12,100,0.0,2.0,6.0,,,,,15,15,output_nm,100805;105469;130471;135135;143455;145992;153768;159302;167029;167815;286038;360177;479728;527875;733579
512,128,64,80000.0,0.624,0.9,0.02,12.0,0.12,100,0.0,2.0,6.0,,,,,25,15,output_nm,100805;105469;130471;135135;143455;145992;153768;159302;167029;167815;286038;360177;479728;527875;733579
512,128,64,250000.0,0.624,0.9,0.02,12.0,0.12,100,0.0,2.0,6.0,,,,,15,15,output_nm,100805;105469;130471;135135;143455;145992;153768;159302;167029;167815;286038;360177;479728;527875;733579
512,256,25,50000.0,0.624,0.9,0.02,12.0,0.12,100,0.0,2.0,6.0,,,,,15,15,output_nm,100805;105469;130471;135135;143455;145992;153768;159302;167029;167815;286038;360177;479728;527875;733579
512,256,64,47000.0,0.624,0.9,0.02,12.0,0.12,100,0.0,2.0,6.0,,,,,15,15,output_nm,100805;105469;130471;135135;143455;145992;153768;159302;167029;167815;286038;360177;479728;527875;733579
512,256,64,160000.0,0.624,0.9,0.02,12.0,0.12,100,0.0,2.0,6.0,,,,,14,14,output_nm,100805;105469;130471;135135;143455;145992;153768;159302;167029;167815;286038;360177;479728;527875
512,256,64,250000.0,0.624,0.9,0.02,12.0,0.12,100,0.0,2.0,6.0,,,,,15,15,output_nm,100805;105469;130471;135135;143455;145992;153768;159302;167029;167815;286038;360177;479728;527875;733579
512,512,16,250000.0,0.624,0.9,0.02,12.0,0.12,100,0.0,2.0,6.0,,,,,15,15,output_nm,100805;105469;130471;135135;143455;145992;153768;159302;167029;167815;286038;360177;479728;527875;733579
512,512,16,315000.0,0.624,0.9,0.02,12.0,0.12,100,0.0,2.0,6.0,,,,,12,12,output_nm,100805;105469;130471;135135;143455;145992;153768;159302;167029;167815;286038;360177
512,512,25,,0.624,0.9,0.02,12.0,0.12,100,0.0,,,,,,,15,15,output,100805;105469;130471;135135;143455;145992;153768;159302;167029;167815;286038;360177;479728;527875;733579
512,512,25,10000.0,0.624,0.9,0.02,12.0,0.12,100,0.0,2.0,,20.0,20.0,3.5,,15,15,output_nm,100805;105469;130471;135135;143455;145992;153768;159302;167029;167815;286038;360177;479728;527875;733579
512,512,25,10000.0,0.624,0.9,0.02,12.0,0.12,100,0.0,2.0,,30.0,30.0,5.0,,15,15,output_nm,100805;105469;130471;135135;143455;145992;153768;159302;167029;167815;286038;360177;479728;527875;733579
512,512,25,10000.0,0.624,0.9,0.02,12.0,0.12,100,0.0,2.0,,40.0,40.0,7.0,,15,15,output_nm,100805;105469;130471;135135;143455;145992;153768;159302;167029;167815;286038;360177;479728;527875;733579
512,512,25,10000.0,0.624,0.9,0.02,12.0,0.12,100,0.0,2.0,,,,,,15,15,output_nm,100805;105469;130471;135135;143455;145992;153768;159302;167029;167815;286038;360177;479728;527875;733579
512,512,25,10000.0,0.624,0.9,0.02,12.0,0.12,100,0.0,3.0,6.0,,,,,15,15,output_nm,100805;105469;130471;135135;143455;145992;153768;159302;167029;167815;286038;360177;479728;527875;733579
512,512,25,100000.0,0.624,0.9,0.02,12.0,0.12,100,0.0,,,,,,,1,1,output_nm,100805
512,512,25,100000.0,0.624,0.9,0.02,12.0,0.12,100,0.313,,,,,,,1,1,output_nm,100805
512,512,25,250000.0,0.624,0.9,0.02,12.0,0.12,100,0.0,2.0,6.0,,,,,15,15,output_nm,100805;105469;130471;135135;143455;145992;153768;159302;167029;167815;286038;360177;479728;527875;733579
512,512,32,250000.0,0.624,0.9,0.02,12.0,0.12,100,0.0,2.0,6.0,,,,,15,15,output_nm,100805;105469;130471;135135;143455;145992;153768;159302;167029;167815;286038;360177;479728;527875;733579
512,512,48,250000.0,0.624,0.9,0.02,12.0,0.12,100,0.0,2.0,6.0,,,,,15,15,output_nm,100805;105469;130471;135135;143455;145992;153768;159302;167029;167815;286038;360177;479728;527875;733579
512,512,64,10000.0,0.624,0.9,0.02,12.0,0.12,100,0.0,2.0,6.0,,,,,15,15,output_nm,100805;105469;130471;135135;143455;145992;153768;159302;167029;167815;286038;360177;479728;527875;733579
512,512,64,25000.0,0.624,0.9,0.02,12.0,0.12,100,0.0,2.0,6.0,,,,,15,15,output_nm,100805;105469;130471;135135;143455;145992;153768;159302;167029;167815;286038;360177;479728;527875;733579
512,512,64,50000.0,0.624,0.9,0.02,12.0,0.12,100,0.0,2.0,6.0,,,,,15,15,output_nm,100805;105469;130471;135135;143455;145992;153768;159302;167029;167815;286038;360177;479728;527875;733579
512,512,64,75000.0,0.624,0.9,0.02,12.0,0.12,100,0.0,2.0,6.0,,,,,15,15,output_nm,100805;105469;130471;135135;143455;145992;153768;159302;167029;167815;286038;360177;479728;527875;733579
512,512,64,94000.0,0.624,0.9,0.02,12.0,0.12,100,0.0,2.0,6.0,,,,,15,15,output_nm,100805;105469;130471;135135;143455;145992;153768;159302;167029;167815;286038;360177;479728;527875;733579
512,512,64,100000.0,0.624,0.9,0.02,12.0,0.12,100,0.0,2.0,6.0,,,,,15,15,output_nm,100805;105469;130471;135135;143455;145992;153768;159302;167029;167815;286038;360177;479728;527875;733579
512,512,64,150000.0,0.624,0.9,0.02,12.0,0.12,100,0.0,2.0,6.0,,,,,15,15,output_nm,100805;105469;130471;135135;143455;145992;153768;159302;167029;167815;286038;360177;479728;527875;733579
512,512,64,200000.0,0.624,0.9,0.02,12.0,0.12,100,0.0,2.0,6.0,,,,,15,15,output_nm,100805;105469;130471;135135;143455;145992;153768;159302;167029;167815;286038;360177;479728;527875;733579
512,512,64,250000.0,0.624,0.9,0.02,12.0,0.12,100,0.0,2.0,6.0,,,,,15,15,output_nm,100805;105469;130471;135135;143455;145992;153768;159302;167029;167815;286038;360177;479728;527875;733579
512,512,64,500000.0,0.624,0.9,0.02,12.0,0.12,100,0.0,2.0,6.0,,,,,15,15,output_nm,100805;105469;130471;135135;143455;145992;153768;159302;167029;167815;286038;360177;479728;527875;733579
512,512,64,1000000.0,0.624,0.9,0.02,12.0,0.12,100,0.0,2.0,6.0,,,,,15,15,output_nm,100805;105469;130471;135135;143455;145992;153768;159302;167029;167815;286038;360177;479728;527875;733579
512,512,96,250000.0,0.624,0.9,0.02,12.0,0.12,100,0.0,2.0,6.0,,,,,15,15,output_nm,100805;105469;130471;135135;143455;145992;153768;159302;167029;167815;286038;360177;479728;527875;733579
512,512,128,250000.0,0.624,0.9,0.02,12.0,0.12,100,0.0,2.0,6.0,,,,,15,15,output_nm,100805;105469;130471;135135;143455;145992;153768;159302;167029;167815;286038;360177;479728;527875;733579
512,1024,25,10000.0,0.624,0.9,0.02,12.0,0.12,100,0.0,2.0,,,,,,15,15,output_nm,100805;105469;130471;135135;143455;145992;153768;159302;167029;167815;286038;360177;479728;527875;733579
768,512,64,250000.0,0.624,0.9,0.02,12.0,0.12,100,0.0,2.0,6.0,,,,,12,12,output_nm,100805;105469;130471;135135;143455;145992;153768;159302;167029;167815;286038;360177
768,768,25,10000.0,0.624,0.9,0.02,12.0,0.12,100,0.0,2.0,,30.0,30.0,3.5,7.0,12,12,output_nm,100805;105469;130471;143455;145992;159302;167029;167815;286038;479728;527875;733579
768,768,36,10000.0,0.624,0.9,0.02,12.0,0.12,100,0.0,2.0,,30.0,30.0,5.0,,15,15,output_nm,100805;105469;130471;135135;143455;145992;153768;159302;167029;167815;286038;360177;479728;527875;733579
1024,512,25,10000.0,0.624,0.9,0.02,12.0,0.12,100,0.0,2.0,,,,,,15,15,output_nm,100805;105469;130471;135135;143455;145992;153768;159302;167029;167815;286038;360177;479728;527875;733579
1024,512,25,100000.0,0.624,0.9,0.02,12.0,0.12,100,0.0,2.0,1.0,,,,,15,15,output_nm,100805;105469;130471;135135;143455;145992;153768;159302;167029;167815;286038;360177;479728;527875;733579
1024,512,25,100000.0,0.624,0.9,0.02,12.0,0.12,100,0.0,2.0,2.0,,,,,15,15,output_nm,100805;105469;130471;135135;143455;145992;153768;159302;167029;167815;286038;360177;479728;527875;733579
1024,512,25,100000.0,0.624,0.9,0.02,12.0,0.12,100,0.0,2.0,3.0,,,,,15,15,output_nm,100805;105469;130471;135135;143455;145992;153768;159302;167029;167815;286038;360177;479728;527875;733579
1024,512,64,250000.0,0.624,0.9,0.02,12.0,0.12,100,0.0,2.0,6.0,,,,,15,15,output_nm,100805;105469;130471;135135;143455;145992;153768;159302;167029;167815;286038;360177;479728;527875;733579
1024,1024,25,10000.0,0.624,0.9,0.02,12.0,0.12,100,0.0,2.0,,40.0,40.0,3.5,7.0,9,9,output_nm,100805;135135;143455;145992;286038;360177;479728;527875;733579
1024,1024,50,10000.0,0.624,0.9,0.02,12.0,0.12,100,0.0,2.0,,40.0,40.0,7.0,,11,11,output_nm,100805;105469;143455;145992;153768;159302;167029;286038;360177;527875;733579
2048,512,64,250000.0,0.624,0.9,0.02,12.0,0.12,100,0.0,2.0,6.0,,,,,15,15,output_nm,100805;105469;130471;135135;143455;145992;153768;159302;167029;167815;286038;360177;479728;527875;733579
2048,512,64,388000.0,0.624,0.9,0.02,12.0,0.12,100,0.0,2.0,6.0,,,,,15,15,output_nm,100805;105469;130471;135135;143455;145992;153768;159302;167029;167815;286038;360177;479728;527875;733579
4096,512,64,250000.0,0.624,0.9,0.02,12.0,0.12,100,0.0,2.0,6.0,,,,,15,15,output_nm,100805;105469;130471;135135;143455;145992;153768;159302;167029;167815;286038;360177;479728;527875;733579
512,512,25,,0.624,1.0,0.02,12.0,0.12,100,0.0,,,,,,,15,15,output,100805;105469;130471;135135;143455;145992;153768;159302;167029;167815;286038;360177;479728;527875;733579
512,512,25,,0.624,1.0,0.02,12.0,0.12,100,0.3132,,,,,,,15,15,output,100805;105469;130471;135135;143455;145992;153768;159302;167029;167815;286038;360177;479728;527875;733579
512,512,25,,0.624,1.0,0.02,12.0,0.12,100,0.9396,,,,,,,15,15,output,100805;105469;130471;135135;143455;145992;153768;159302;167029;167815;286038;360177;479728;527875;733579
512,512,25,,0.624,1.0,0.02,12.0,0.12,100,1.566,,,,,,,15,15,output,100805;105469;130471;135135;143455;145992;153768;159302;167029;167815;286038;360177;479728;527875;733579
512,512,25,,0.624,1.0,0.02,12.0,0.12,100,3.132,,,,,,,15,15,output,100805;105469;130471;135135;143455;145992;153768;159302;167029;167815;286038;360177;479728;527875;733579
512,512,25,,0.624,1.0,0.02,12.0,0.12,100,4.698,,,,,,,15,15,output,100805;105469;130471;135135;143455;145992;153768;159302;167029;167815;286038;360177;479728;527875;733579
512,512,25,,0.624,1.0,0.02,12.0,0.12,100,6.264,,,,,,,15,15,output,100805;105469;130471;135135;143455;145992;153768;159302;167029;167815;286038;360177;479728;527875;733579
128,512,25,5000.0,0.624,0.9,0.025,12.0,0.12,100,0.0,3.0,6.0,,,,,15,15,output_nm,100805;105469;130471;135135;143455;145992;153768;159302;167029;167815;286038;360177;479728;527875;733579
128,512,25,10000.0,0.624,0.9,0.025,12.0,0.12,100,0.0,2.0,,,,,,15,15,output_nm,100805;105469;130471;135135;143455;145992;153768;159302;167029;167815;286038;360177;479728;527875;733579
128,512,25,10000.0,0.624,0.9,0.025,12.0,0.12,100,0.0,3.0,,,,,,15,15,output_nm,100805;105469;130471;135135;143455;145992;153768;159302;167029;167815;286038;360177;479728;527875;733579
128,512,25,50000.0,0.624,0.9,0.025,12.0,0.12,100,0.0,3.0,6.0,,,,,15,15,output_nm,100805;105469;130471;135135;143455;145992;153768;159302;167029;167815;286038;360177;479728;527875;733579
256,512,25,5000.0,0.624,0.9,0.025,12.0,0.12,100,0.0,3.0,6.0,,,,,15,15,output_nm,100805;105469;130471;135135;143455;145992;153768;159302;167029;167815;286038;360177;479728;527875;733579
256,512,25,10000.0,0.624,0.9,0.025,12.0,0.12,100,0.0,2.0,,,,,,15,15,output_nm,100805;105469;130471;135135;143455;145992;153768;159302;167029;167815;286038;360177;479728;527875;733579
256,512,25,10000.0,0.624,0.9,0.025,12.0,0.12,100,0.0,3.0,,,,,,15,15,output_nm,100805;105469;130471;135135;143455;145992;153768;159302;167029;167815;286038;360177;479728;527875;733579
512,512,25,10000.0,0.624,0.9,0.025,12.0,0.12,100,0.0,2.0,,20.0,20.0,3.5,,14,14,output_nm,100805;105469;130471;135135;143455;145992;153768;159302;167029;167815;286038;479728;527875;733579
512,512,25,10000.0,0.624,0.9,0.025,12.0,0.12,100,0.0,2.0,,30.0,30.0,5.0,,15,15,output_nm,100805;105469;130471;135135;143455;145992;153768;159302;167029;167815;286038;360177;479728;527875;733579
512,512,25,10000.0,0.624,0.9,0.025,12.0,0.12,100,0.0,2.0,,40.0,40.0,7.0,,15,15,output_nm,100805;105469;130471;135135;143455;145992;153768;159302;167029;167815;286038;360177;479728;527875;733579
512,512,25,10000.0,0.624,0.9,0.025,12.0,0.12,100,0.0,2.0,,,,,,15,15,output_nm,100805;105469;130471;135135;143455;145992;153768;159302;167029;167815;286038;360177;479728;527875;733579
512,1024,25,10000.0,0.624,0.9,0.025,12.0,0.12,100,0.0,2.0,,,,,,15,15,output_nm,100805;105469;130471;135135;143455;145992;153768;159302;167029;167815;286038;360177;479728;527875;733579
768,768,25,10000.0,0.624,0.9,0.025,12.0,0.12,100,0.0,2.0,,30.0,30.0,3.5,7.0,8,8,output_nm,105469;145992;159302;167029;167815;286038;527875;733579
768,768,36,10000.0,0.624,0.9,0.025,12.0,0.12,100,0.0,2.0,,30.0,30.0,5.0,,15,15,output_nm,100805;105469;130471;135135;143455;145992;153768;159302;167029;167815;286038;360177;479728;527875;733579
1024,512,25,10000.0,0.624,0.9,0.025,12.0,0.12,100,0.0,2.0,,,,,,15,15,output_nm,100805;105469;130471;135135;143455;145992;153768;159302;167029;167815;286038;360177;479728;527875;733579
1024,1024,25,10000.0,0.624,0.9,0.025,12.0,0.12,100,0.0,2.0,,40.0,40.0,3.5,7.0,8,8,output_nm,100805;143455;145992;286038;360177;479728;527875;733579
1024,1024,50,10000.0,0.624,0.9,0.025,12.0,0.12,100,0.0,2.0,,40.0,40.0,7.0,,11,11,output_nm,100805;105469;135135;143455;145992;153768;159302;286038;360177;527875;733579
128,512,25,5000.0,0.624,0.9,0.03,12.0,0.12,100,0.0,3.0,6.0,,,,,15,15,output_nm,100805;105469;130471;135135;143455;145992;153768;159302;167029;167815;286038;360177;479728;527875;733579
128,512,25,10000.0,0.624,0.9,0.03,12.0,0.12,100,0.0,3.0,6.0,,,,,15,15,output_nm,100805;105469;130471;135135;143455;145992;153768;159302;167029;167815;286038;360177;479728;527875;733579
128,512,25,50000.0,0.624,0.9,0.03,12.0,0.12,100,0.0,3.0,6.0,,,,,15,15,output_nm,100805;105469;130471;135135;143455;145992;153768;159302;167029;167815;286038;360177;479728;527875;733579
256,512,25,5000.0,0.624,0.9,0.03,12.0,0.12,100,0.0,3.0,6.0,,,,,15,15,output_nm,100805;105469;130471;135135;143455;145992;153768;159302;167029;167815;286038;360177;479728;527875;733579
256,512,25,10000.0,0.624,0.9,0.03,12.0,0.12,100,0.0,3.0,6.0,,,,,15,15,output_nm,100805;105469;130471;135135;143455;145992;153768;159302;167029;167815;286038;360177;479728;527875;733579
512,512,25,10000.0,0.624,0.9,0.03,12.0,0.12,100,0.0,2.0,,20.0,20.0,3.5,,15,15,output_nm,100805;105469;130471;135135;143455;145992;153768;159302;167029;167815;286038;360177;479728;527875;733579
512,512,25,10000.0,0.624,0.9,0.03,12.0,0.12,100,0.0,2.0,,30.0,30.0,5.0,,15,15,output_nm,100805;105469;130471;135135;143455;145992;153768;159302;167029;167815;286038;360177;479728;527875;733579
512,512,25,10000.0,0.624,0.9,0.03,12.0,0.12,100,0.0,2.0,,40.0,40.0,7.0,,15,15,output_nm,100805;105469;130471;135135;143455;145992;153768;159302;167029;167815;286038;360177;479728;527875;733579
768,768,25,10000.0,0.624,0.9,0.03,12.0,0.12,100,0.0,2.0,,30.0,30.0,3.5,7.0,3,3,output_nm,145992;527875;733579
768,768,36,10000.0,0.624,0.9,0.03,12.0,0.12,100,0.0,2.0,,30.0,30.0,5.0,,15,15,output_nm,100805;105469;130471;135135;143455;145992;153768;159302;167029;167815;286038;360177;479728;527875;733579
1024,1024,25,10000.0,0.624,0.9,0.03,12.0,0.12,100,0.0,2.0,,40.0,40.0,3.5,7.0,6,6,output_nm,100805;143455;286038;479728;527875;733579
1024,1024,50,10000.0,0.624,0.9,0.03,12.0,0.12,100,0.0,2.0,,40.0,40.0,7.0,,7,7,output_nm,100805;135135;153768;159302;360177;527875;733579
512,512,25,,0.624,1.0,0.03,12.0,0.12,100,0.0,,,,,,,15,15,output,100805;105469;130471;135135;143455;145992;153768;159302;167029;167815;286038;360177;479728;527875;733579
512,512,25,,0.624,1.0,0.03,12.0,0.12,100,0.3836,,,,,,,15,15,output,100805;105469;130471;135135;143455;145992;153768;159302;167029;167815;286038;360177;479728;527875;733579
512,512,25,,0.624,1.0,0.03,12.0,0.12,100,1.1508,,,,,,,15,15,output,100805;105469;130471;135135;143455;145992;153768;159302;167029;167815;286038;360177;479728;527875;733579
512,512,25,,0.624,1.0,0.03,12.0,0.12,100,1.918,,,,,,,15,15,output,100805;105469;130471;135135;143455;145992;153768;159302;167029;167815;286038;360177;479728;527875;733579
512,512,25,,0.624,1.0,0.03,12.0,0.12,100,3.836,,,,,,,15,15,output,100805;105469;130471;135135;143455;145992;153768;159302;167029;167815;286038;360177;479728;527875;733579
512,512,25,,0.624,1.0,0.03,12.0,0.12,100,5.754,,,,,,,15,15,output,100805;105469;130471;135135;143455;145992;153768;159302;167029;167815;286038;360177;479728;527875;733579
512,512,25,,0.624,1.0,0.03,12.0,0.12,100,7.672,,,,,,,15,15,output,100805;105469;130471;135135;143455;145992;153768;159302;167029;167815;286038;360177;479728;527875;733579
512,128,64,50000.0,0.624,0.9,0.04,12.0,0.12,100,0.0,2.0,6.0,,,,,15,15,output_nm,100805;105469;130471;135135;143455;145992;153768;159302;167029;167815;286038;360177;479728;527875;733579
512,512,25,,0.624,1.0,0.05,12.0,0.12,100,0.0,,,,,,,15,15,output,100805;105469;130471;135135;143455;145992;153768;159302;167029;167815;286038;360177;479728;527875;733579
512,512,25,,0.624,1.0,0.05,12.0,0.12,100,0.4953,,,,,,,15,15,output,100805;105469;130471;135135;143455;145992;153768;159302;167029;167815;286038;360177;479728;527875;733579
512,512,25,,0.624,1.0,0.05,12.0,0.12,100,1.4859,,,,,,,15,15,output,100805;105469;130471;135135;143455;145992;153768;159302;167029;167815;286038;360177;479728;527875;733579
512,512,25,,0.624,1.0,0.05,12.0,0.12,100,2.4765,,,,,,,15,15,output,100805;105469;130471;135135;143455;145992;153768;159302;167029;167815;286038;360177;479728;527875;733579
512,512,25,,0.624,1.0,0.05,12.0,0.12,100,4.953,,,,,,,15,15,output,100805;105469;130471;135135;143455;145992;153768;159302;167029;167815;286038;360177;479728;527875;733579
512,512,25,,0.624,1.0,0.05,12.0,0.12,100,7.4295,,,,,,,15,15,output,100805;105469;130471;135135;143455;145992;153768;159302;167029;167815;286038;360177;479728;527875;733579
512,512,25,,0.624,1.0,0.05,12.0,0.12,100,9.906,,,,,,,15,15,output,100805;105469;130471;135135;143455;145992;153768;159302;167029;167815;286038;360177;479728;527875;733579
512,128,64,50000.0,0.624,0.9,0.06,12.0,0.12,100,0.0,2.0,6.0,,,,,15,15,output_nm,100805;105469;130471;135135;143455;145992;153768;159302;167029;167815;286038;360177;479728;527875;733579
512,512,25,,0.624,1.0,0.07,12.0,0.12,100,0.0,,,,,,,15,15,output,100805;105469;130471;135135;143455;145992;153768;159302;167029;167815;286038;360177;479728;527875;733579
512,512,25,,0.624,1.0,0.07,12.0,0.12,100,0.586,,,,,,,15,15,output,100805;105469;130471;135135;143455;145992;153768;159302;167029;167815;286038;360177;479728;527875;733579
512,512,25,,0.624,1.0,0.07,12.0,0.12,100,1.758,,,,,,,15,15,output,100805;105469;130471;135135;143455;145992;153768;159302;167029;167815;286038;360177;479728;527875;733579
512,512,25,,0.624,1.0,0.07,12.0,0.12,100,2.93,,,,,,,15,15,output,100805;105469;130471;135135;143455;145992;153768;159302;167029;167815;286038;360177;479728;527875;733579
512,512,25,,0.624,1.0,0.07,12.0,0.12,100,5.86,,,,,,,15,15,output,100805;105469;130471;135135;143455;145992;153768;159302;167029;167815;286038;360177;479728;527875;733579
512,512,25,,0.624,1.0,0.07,12.0,0.12,100,8.79,,,,,,,15,15,output,100805;105469;130471;135135;143455;145992;153768;159302;167029;167815;286038;360177;479728;527875;733579
512,512,25,,0.624,1.0,0.07,12.0,0.12,100,11.72,,,,,,,15,15,output,100805;105469;130471;135135;143455;145992;153768;159302;167029;167815;286038;360177;479728;527875;733579
512,128,64,50000.0,0.624,0.9,0.08,12.0,0.12,100,0.0,2.0,6.0,,,,,15,15,output_nm,100805;105469;130471;135135;143455;145992;153768;159302;167029;167815;286038;360177;479728;527875;733579
512,128,64,50000.0,0.624,0.9,0.1,12.0,0.12,100,0.0,2.0,6.0,,,,,15,15,output_nm,100805;105469;130471;135135;143455;145992;153768;159302;167029;167815;286038;360177;479728;527875;733579
512,512,25,,0.624,1.0,0.1,12.0,0.12,100,0.0,,,,,,,15,15,output,100805;105469;130471;135135;143455;145992;153768;159302;167029;167815;286038;360177;479728;527875;733579
512,512,25,,0.624,1.0,0.1,12.0,0.12,100,0.7004,,,,,,,15,15,output,100805;105469;130471;135135;143455;145992;153768;159302;167029;167815;286038;360177;479728;527875;733579
512,512,25,,0.624,1.0,0.1,12.0,0.12,100,2.1012,,,,,,,15,15,output,100805;105469;130471;135135;143455;145992;153768;159302;167029;167815;286038;360177;479728;527875;733579
512,512,25,,0.624,1.0,0.1,12.0,0.12,100,3.502,,,,,,,15,15,output,100805;105469;130471;135135;143455;145992;153768;159302;167029;167815;286038;360177;479728;527875;733579
512,512,25,,0.624,1.0,0.1,12.0,0.12,100,7.004,,,,,,,15,15,output,100805;105469;130471;135135;143455;145992;153768;159302;167029;167815;286038;360177;479728;527875;733579
512,512,25,,0.624,1.0,0.1,12.0,0.12,100,10.506,,,,,,,15,15,output,100805;105469;130471;135135;143455;145992;153768;159302;167029;167815;286038;360177;479728;527875;733579
512,512,25,,0.624,1.0,0.1,12.0,0.12,100,14.008,,,,,,,15,15,output,100805;105469;130471;135135;143455;145992;153768;159302;167029;167815;286038;360177;479728;527875;733579
512,512,25,,0.624,1.0,0.15,12.0,0.12,100,0.0,,,,,,,15,15,output,100805;105469;130471;135135;143455;145992;153768;159302;167029;167815;286038;360177;479728;527875;733579
512,512,25,,0.624,1.0,0.15,12.0,0.12,100,0.8578,,,,,,,15,15,output,100805;105469;130471;135135;143455;145992;153768;159302;167029;167815;286038;360177;479728;527875;733579
512,512,25,,0.624,1.0,0.15,12.0,0.12,100,2.5734,,,,,,,15,15,output,100805;105469;130471;135135;143455;145992;153768;159302;167029;167815;286038;360177;479728;527875;733579
512,512,25,,0.624,1.0,0.15,12.0,0.12,100,4.289,,,,,,,15,15,output,100805;105469;130471;135135;143455;145992;153768;159302;167029;167815;286038;360177;479728;527875;733579
512,512,25,,0.624,1.0,0.15,12.0,0.12,100,8.578,,,,,,,15,15,output,100805;105469;130471;135135;143455;145992;153768;159302;167029;167815;286038;360177;479728;527875;733579
512,512,25,,0.624,1.0,0.15,12.0,0.12,100,12.867,,,,,,,15,15,output,100805;105469;130471;135135;143455;145992;153768;159302;167029;167815;286038;360177;479728;527875;733579
512,512,25,,0.624,1.0,0.15,12.0,0.12,100,17.156,,,,,,,15,15,output,100805;105469;130471;135135;143455;145992;153768;159302;167029;167815;286038;360177;479728;527875;733579
512,512,25,,0.624,1.0,0.3,12.0,0.12,100,0.0,,,,,,,15,15,output,100805;105469;130471;135135;143455;145992;153768;159302;167029;167815;286038;360177;479728;527875;733579
512,512,25,,0.624,1.0,0.3,12.0,0.12,100,1.2131,,,,,,,15,15,output,100805;105469;130471;135135;143455;145992;153768;159302;167029;167815;286038;360177;479728;527875;733579
512,512,25,,0.624,1.0,0.3,12.0,0.12,100,3.6393,,,,,,,15,15,output,100805;105469;130471;135135;143455;145992;153768;159302;167029;167815;286038;360177;479728;527875;733579
512,512,25,,0.624,1.0,0.3,12.0,0.12,100,6.0655,,,,,,,15,15,output,100805;105469;130471;135135;143455;145992;153768;159302;167029;167815;286038;360177;479728;527875;733579
512,512,25,,0.624,1.0,0.3,12.0,0.12,100,12.131,,,,,,,15,15,output,100805;105469;130471;135135;143455;145992;153768;159302;167029;167815;286038;360177;479728;527875;733579
512,512,25,,0.624,1.0,0.3,12.0,0.12,100,18.197,,,,,,,15,15,output,100805;105469;130471;135135;143455;145992;153768;159302;167029;167815;286038;360177;479728;527875;733579
512,512,25,,0.624,1.0,0.3,12.0,0.12,100,24.262,,,,,,,15,15,output,100805;105469;130471;135135;143455;145992;153768;159302;167029;167815;286038;360177;479728;527875;733579
512,512,25,,0.624,1.0,0.5,12.0,0.12,100,0.0,,,,,,,15,15,output,100805;105469;130471;135135;143455;145992;153768;159302;167029;167815;286038;360177;479728;527875;733579
512,512,25,,0.624,1.0,0.5,12.0,0.12,100,1.5661,,,,,,,15,15,output,100805;105469;130471;135135;143455;145992;153768;159302;167029;167815;286038;360177;479728;527875;733579
512,512,25,,0.624,1.0,0.5,12.0,0.12,100,4.6983,,,,,,,15,15,output,100805;105469;130471;135135;143455;145992;153768;159302;167029;167815;286038;360177;479728;527875;733579
512,512,25,,0.624,1.0,0.5,12.0,0.12,100,7.8305,,,,,,,15,15,output,100805;105469;130471;135135;143455;145992;153768;159302;167029;167815;286038;360177;479728;527875;733579
512,512,25,,0.624,1.0,0.5,12.0,0.12,100,15.661,,,,,,,15,15,output,100805;105469;130471;135135;143455;145992;153768;159302;167029;167815;286038;360177;479728;527875;733579
512,512,25,,0.624,1.0,0.5,12.0,0.12,100,23.492,,,,,,,15,15,output,100805;105469;130471;135135;143455;145992;153768;159302;167029;167815;286038;360177;479728;527875;733579
512,512,25,,0.624,1.0,0.5,12.0,0.12,100,31.322,,,,,,,15,15,output,100805;105469;130471;135135;143455;145992;153768;159302;167029;167815;286038;360177;479728;527875;733579
